prov_ubi;cant_ubi;parr_ubi;area_ubi;clase;tipo;entidad;sector;dotmedic;dismedic;dotcirug;discirug;dotginob;disginob;dotped;disped;dotneon;disneon;dotcardi;discardi;dotneumo;disneumo;dotpsiqu;dispsiqu;dottraum;distraum;dotinfec;disinfec;dotofta;disofta;dotootorri;disootorri;doturolo;disurolo;dotgast;disgast;dotquem;disquem;dotneuro;disneuro;dotnefro;disnefro;dotonco;disonco;dothema;dishema;dototrse;disotrse;dotserin;disserin;camas_dnor;camas_disp;dotemerg;dotcinteadult;dotcintepediatri;dotcinteneonat;dotcintrm;dotcrecup;dototrapo;dia_estad;dias_cdis;totegres;falmen48;falmas48
23;2301;230103;1;1;5;18;2;0;0;0;0;4;4;0;0;2;2;0;0;0;0;0;0;0;0;0;0;0;0;0;0;0;0;0;0;0;0;0;0;0;0;0;0;0;0;0;0;0;0;6;6;0;0;0;0;0;0;0;490;2190;490;0;0
17;1701;170117;1;1;5;18;2;1;1;6;6;6;6;0;0;6;6;0;0;0;0;0;0;0;0;0;0;0;0;0;0;0;0;0;0;0;0;0;0;0;0;0;0;0;0;0;0;0;0;19;19;0;0;0;0;0;0;0;768;6935;561;1;0
17;1701;170127;1;2;1;18;2;10;13;0;0;0;0;7;9;13;13;0;0;0;0;0;0;0;0;10;9;0;0;0;0;0;0;0;0;0;0;0;0;0;0;0;0;0;0;6;6;0;0;46;50;0;4;0;0;0;0;0;6285;18103;2119;8;16
12;1201;120102;1;32;1;18;2;0;0;0;0;0;0;0;0;0;0;0;0;0;0;0;0;0;0;0;0;0;0;0;0;0;0;0;0;0;0;0;0;0;0;0;0;0;0;0;0;8;8;8;8;2;0;0;0;0;0;0;306;2920;197;1;0
09;0906;090603;1;12;3;17;3;0;0;0;0;0;0;0;0;0;0;0;0;0;0;0;0;1;1;0;0;7;7;0;0;0;0;0;0;0;0;0;0;0;0;0;0;0;0;1;1;0;0;9;9;0;0;0;0;0;0;0;284;3285;270;0;0
24;2402;240250;1;32;1;18;2;0;0;1;1;0;0;0;0;5;5;0;0;0;0;0;0;0;0;0;0;0;0;0;0;0;0;0;0;0;0;0;0;0;0;0;0;0;0;0;0;0;0;6;6;0;0;0;0;0;0;1;300;2190;185;1;1
01;0101;010107;1;6;2;17;3;0;0;0;0;0;0;0;0;0;0;0;0;0;0;28;28;0;0;0;0;0;0;0;0;0;0;0;0;0;0;0;0;0;0;0;0;0;0;46;46;0;0;74;74;5;0;0;0;0;0;2;26706;27010;384;1;1
22;2201;220150;1;12;3;18;2;5;5;2;2;4;4;2;2;2;2;0;0;0;0;0;0;0;0;0;0;0;0;0;0;0;0;0;0;0;0;0;0;0;0;0;0;0;0;0;0;0;0;15;15;0;0;0;0;0;0;0;699;5475;319;1;0
21;2101;210150;1;12;3;18;2;0;0;2;2;2;2;1;0;0;0;0;0;0;0;0;0;1;1;0;0;0;0;0;0;0;0;0;0;0;0;0;0;0;0;0;0;0;0;0;0;3;3;9;8;5;0;0;0;0;1;1;976;3285;627;0;0
01;0101;010111;1;12;3;18;2;0;0;0;0;0;0;0;0;0;0;0;0;0;0;0;0;0;0;0;0;0;0;0;0;0;0;0;0;0;0;0;0;0;0;0;0;0;0;0;0;13;13;13;13;1;0;0;0;0;0;0;673;4745;445;0;2
13;1308;130802;1;12;3;18;2;1;1;2;2;5;5;2;2;0;0;0;0;0;0;1;1;0;0;0;0;0;0;0;0;1;1;1;1;0;0;0;0;0;0;0;0;0;0;0;0;0;0;13;13;0;0;0;0;0;0;0;1411;4745;1145;0;4
17;1701;170112;1;17;2;17;3;0;0;0;0;0;0;0;0;0;0;0;0;0;0;0;0;0;0;0;0;0;0;0;0;0;0;0;0;0;0;0;0;0;0;0;0;0;0;0;0;51;51;51;51;0;0;0;0;0;0;0;9718;18615;35;3;27
11;1101;110102;1;1;5;18;2;0;0;0;0;5;5;2;2;0;0;0;0;0;0;0;0;0;0;0;0;0;0;0;0;0;0;0;0;0;0;0;0;0;0;0;0;0;0;0;0;11;11;18;18;2;0;0;0;0;1;1;1372;6570;721;3;0
09;0901;090112;1;1;5;18;2;0;0;0;0;0;0;0;0;0;0;0;0;0;0;0;0;0;0;0;0;0;0;0;0;0;0;0;0;0;0;0;0;0;0;0;0;0;0;0;0;26;26;26;26;6;3;0;0;0;4;0;1463;9500;359;3;9
09;0901;090102;1;32;1;18;2;0;0;0;0;0;0;0;0;0;0;0;0;0;0;0;0;0;0;0;0;0;0;0;0;0;0;0;0;0;0;0;0;0;0;0;0;0;0;0;0;12;7;12;7;0;0;0;0;0;0;1;205;2552;177;0;0
17;1701;170101;1;12;3;18;2;0;0;0;0;0;0;0;0;0;0;0;0;0;0;0;0;0;0;0;0;0;0;0;0;0;0;0;0;0;0;0;0;0;0;0;0;0;0;0;0;13;13;13;13;0;0;0;0;0;0;0;1244;4745;489;1;5
13;1301;130106;1;1;5;18;2;1;0;7;1;1;0;7;1;1;0;0;0;0;0;0;0;0;0;0;0;0;0;0;0;0;0;0;0;0;0;0;0;0;0;0;0;0;0;0;0;0;0;17;2;0;0;0;0;0;0;0;9;589;9;0;0
09;0920;092056;2;1;5;18;2;9;9;3;3;0;0;2;2;2;2;0;0;0;0;0;0;0;0;0;0;0;0;0;0;0;0;0;0;0;0;0;0;0;0;0;0;0;0;0;0;0;0;16;16;0;0;0;0;3;0;0;2546;5840;1390;0;0
09;0901;090102;1;1;5;18;2;8;8;4;4;4;4;1;1;1;1;0;0;0;0;0;0;0;0;0;0;0;0;0;0;0;0;0;0;0;0;0;0;0;0;0;0;0;0;0;0;0;0;18;18;0;0;0;0;0;0;1;1842;6570;1614;1;0
09;0908;090850;1;32;1;18;2;0;0;0;0;0;0;0;0;0;0;0;0;0;0;0;0;0;0;0;0;0;0;0;0;0;0;0;0;0;0;0;0;0;0;0;0;0;0;0;0;13;13;13;13;0;0;0;0;0;0;0;43;4745;42;0;0
23;2301;230105;1;32;1;18;2;0;0;0;0;0;0;0;0;0;0;0;0;2;2;0;0;0;0;0;0;0;0;0;0;0;0;0;0;0;0;0;0;0;0;0;0;0;0;0;0;6;6;8;8;0;0;0;0;0;0;0;134;2918;89;1;0
08;0801;080102;1;12;3;18;2;2;2;2;2;3;3;0;0;4;4;0;0;0;0;0;0;0;0;0;0;0;0;0;0;0;0;0;0;0;0;0;0;0;0;0;0;0;0;0;0;0;0;11;11;4;0;0;0;1;0;2;288;4015;243;0;0
06;0601;060102;1;12;3;18;2;1;1;1;1;1;1;0;0;1;1;0;0;0;0;0;0;2;2;0;0;0;0;0;0;1;1;0;0;0;0;1;1;0;0;0;0;0;0;0;0;0;0;8;8;1;0;0;0;0;0;0;353;2920;190;0;1
05;0505;050550;1;12;3;18;2;0;0;0;0;0;0;0;0;0;0;0;0;0;0;0;0;0;0;0;0;0;0;0;0;0;0;0;0;0;0;0;0;0;0;0;0;0;0;0;0;8;8;8;8;0;0;0;0;0;0;0;1206;2920;329;0;0
17;1701;170106;1;12;3;18;2;0;0;0;0;0;0;0;0;0;0;0;0;0;0;0;0;0;0;0;0;0;0;0;0;0;0;0;0;0;0;0;0;0;0;0;0;0;0;0;0;12;12;12;12;3;2;0;0;1;2;0;2970;4380;1182;1;0
17;1701;170156;2;12;3;18;2;0;0;0;0;0;0;0;0;0;0;0;0;0;0;0;0;0;0;0;0;0;0;0;0;0;0;0;0;0;0;0;0;0;0;0;0;0;0;0;0;10;10;10;10;3;3;1;2;4;1;0;1940;3650;504;6;31
17;1701;170113;1;12;3;18;2;9;9;0;0;0;0;0;0;0;0;0;0;0;0;0;0;0;0;0;0;0;0;0;0;0;0;0;0;0;0;0;0;0;0;0;0;0;0;0;0;0;0;9;9;0;0;0;0;0;0;0;780;3285;371;1;4
08;0801;080101;1;12;3;18;2;0;0;0;0;0;0;0;0;0;0;0;0;0;0;0;0;0;0;0;0;0;0;0;0;0;0;0;0;0;0;0;0;0;0;0;0;0;0;0;0;9;9;9;9;0;0;0;0;0;0;0;90;3285;90;0;0
17;1705;170550;1;12;3;18;2;0;0;0;0;0;0;0;0;1;1;0;0;0;0;0;0;0;0;0;0;0;0;0;0;0;0;0;0;0;0;0;0;0;0;0;0;0;0;0;0;20;20;21;21;2;4;0;1;3;2;0;5057;7665;1948;6;57
17;1701;170184;2;12;3;18;2;11;11;0;0;0;0;0;0;1;1;0;0;0;0;0;0;0;0;0;0;0;0;0;0;0;0;0;0;0;0;0;0;0;0;0;0;0;0;0;0;0;0;12;12;0;0;0;0;0;0;0;1762;4380;959;2;3
17;1701;170115;1;12;3;18;2;0;0;0;0;0;0;0;0;0;0;0;0;0;0;0;0;0;0;0;0;0;0;0;0;0;0;0;0;0;0;0;0;0;0;0;0;0;0;0;0;8;8;8;8;0;5;0;0;0;0;0;392;2920;98;1;10
01;0101;010110;1;15;1;18;2;0;0;0;0;0;0;0;0;0;0;0;0;0;0;0;0;8;8;0;0;0;0;0;0;0;0;0;0;0;0;0;0;0;0;0;0;0;0;0;0;0;0;8;8;0;0;0;0;0;0;0;211;2920;55;0;0
17;1701;170114;1;12;3;18;2;0;0;0;0;0;0;0;0;4;4;0;0;0;0;0;0;0;0;0;0;0;0;0;0;0;0;0;0;0;0;0;0;0;0;0;0;0;0;0;0;20;20;24;24;0;0;0;0;0;0;0;5062;8760;4096;0;0
17;1701;170127;1;12;3;18;2;0;0;0;0;0;0;0;0;4;4;0;0;0;0;0;0;0;0;0;0;0;0;0;0;0;0;0;0;0;0;0;0;0;0;0;0;0;0;0;0;6;6;10;10;0;0;0;0;0;2;0;680;3650;563;0;0
13;1308;130802;1;2;1;18;2;0;0;0;0;0;0;0;0;0;0;0;0;0;0;0;0;0;0;0;0;0;0;0;0;0;0;0;0;0;0;0;0;0;0;0;0;0;0;0;0;45;45;45;45;11;20;5;35;5;7;0;10924;16425;2584;34;144
11;1101;110103;1;12;3;18;2;0;0;0;0;0;0;0;0;0;0;0;0;0;0;0;0;0;0;0;0;0;0;0;0;0;0;0;0;0;0;0;0;0;0;0;0;0;0;0;0;6;6;6;6;0;0;0;0;0;0;0;23;2190;23;0;0
01;0101;010112;1;17;1;18;2;0;0;0;0;0;0;0;0;0;0;0;0;0;0;0;0;0;0;0;0;0;0;0;0;4;4;0;0;0;0;0;0;0;0;0;0;0;0;0;0;0;0;4;4;0;0;0;0;0;2;0;172;1460;127;0;0
17;1701;170112;1;12;3;18;2;0;0;2;2;0;0;0;0;0;0;0;0;0;0;0;0;0;0;0;0;0;0;0;0;0;0;0;0;0;0;0;0;0;0;0;0;0;0;0;0;0;0;2;2;0;0;0;0;0;0;0;10;730;7;0;0
09;0901;090112;1;32;1;18;2;0;0;0;0;0;0;0;0;0;0;0;0;0;0;0;0;0;0;0;0;0;0;0;0;0;0;0;0;0;0;0;0;0;0;0;0;0;0;0;0;7;7;7;7;0;0;0;0;0;0;0;132;2555;132;0;0
17;1701;170180;2;12;3;18;2;0;0;3;3;0;0;0;0;0;0;0;0;0;0;0;0;0;0;0;0;0;0;0;0;0;0;0;0;0;0;0;0;0;0;0;0;0;0;0;0;7;7;10;10;0;0;0;0;0;0;0;247;3348;119;2;1
13;1314;131401;1;1;5;18;2;0;0;4;4;1;1;0;0;0;0;0;0;0;0;0;0;0;0;0;0;0;0;0;0;0;0;0;0;0;0;0;0;0;0;0;0;0;0;0;0;0;0;5;5;0;0;0;0;0;0;0;125;1825;75;0;0
17;1701;170114;1;12;3;18;2;0;0;0;0;0;0;0;0;1;0;0;0;0;0;0;0;0;0;0;0;0;0;0;0;0;0;0;0;0;0;0;0;0;0;0;0;0;0;0;0;7;3;8;3;0;0;0;0;0;0;0;23;1057;16;0;0
17;1705;170501;1;12;3;18;2;0;0;0;0;0;0;0;0;0;0;0;0;0;0;0;0;0;0;0;0;0;0;0;0;0;0;0;0;0;0;0;0;0;0;0;0;0;0;0;0;9;9;9;9;0;3;0;2;1;2;0;1017;3285;376;1;3
09;0901;090102;1;32;1;18;2;0;0;0;0;0;0;0;0;0;0;0;0;0;0;0;0;0;0;0;0;0;0;0;0;0;0;0;0;0;0;0;0;0;0;0;0;0;0;0;0;12;5;12;5;0;0;0;0;0;0;1;258;1836;198;0;0
01;0101;010112;1;12;3;18;2;0;0;0;0;0;0;0;0;0;0;0;0;0;0;0;0;0;0;0;0;0;0;0;0;0;0;0;0;0;0;0;0;0;0;0;0;0;0;0;0;10;10;10;10;0;0;0;0;0;0;0;99;3650;99;0;0
01;0101;010114;1;12;3;18;2;8;8;2;2;0;0;0;0;0;0;0;0;0;0;0;0;0;0;0;0;0;0;0;0;0;0;0;0;0;0;0;0;0;0;0;0;0;0;0;0;0;0;10;10;0;0;0;0;0;0;0;453;3650;225;0;5
07;0701;070102;1;12;3;18;2;0;0;0;0;0;0;0;0;0;0;0;0;0;0;0;0;0;0;0;0;0;0;0;0;0;0;0;0;0;0;0;0;0;0;0;0;0;0;0;0;9;9;9;9;0;0;0;0;0;0;0;123;3285;123;17;0
09;0901;090103;1;11;1;18;2;0;0;0;0;0;0;0;0;0;0;0;0;0;0;0;0;0;0;0;0;0;0;0;0;0;0;0;0;0;0;0;0;0;0;0;0;0;0;0;0;51;51;51;51;23;15;0;0;59;0;0;21479;18615;2973;23;93
07;0706;070650;1;1;5;18;2;0;0;1;1;4;4;4;4;18;18;0;0;0;0;0;0;0;0;0;0;0;0;0;0;0;0;0;0;0;0;0;0;0;0;0;0;0;0;0;0;0;0;27;27;2;1;1;0;1;2;1;5988;9855;1012;12;35
10;1001;100103;1;12;3;18;2;0;0;0;0;0;0;0;0;0;0;0;0;0;0;0;0;0;0;0;0;0;0;0;0;0;0;0;0;0;0;0;0;0;0;0;0;0;0;0;0;16;16;16;16;1;1;1;1;1;2;1;2250;5840;1387;4;3
17;1701;170114;1;12;3;18;2;0;0;0;0;0;0;0;0;4;4;0;0;0;0;0;0;0;0;0;0;0;0;0;0;0;0;0;0;0;0;0;0;0;0;0;0;0;0;0;0;20;20;24;24;1;0;0;0;0;0;0;4124;8732;2153;4;3
09;0906;090601;1;32;1;18;2;0;0;0;0;0;0;0;0;0;0;0;0;0;0;0;0;0;0;0;0;0;0;0;0;0;0;0;0;0;0;0;0;0;0;0;0;0;0;0;0;9;9;9;9;1;0;0;0;0;0;0;509;3285;400;0;1
09;0910;091001;1;32;1;18;2;0;0;0;0;0;0;0;0;6;3;0;0;0;0;0;0;0;0;0;0;0;0;0;0;0;0;0;0;0;0;0;0;0;0;0;0;0;0;0;0;5;2;11;5;0;0;0;0;0;0;0;104;1683;102;0;0
13;1308;130801;1;12;3;18;2;0;0;0;0;0;0;0;0;0;0;0;0;0;0;0;0;0;0;0;0;0;0;0;0;0;0;0;0;0;0;0;0;0;0;0;0;0;0;0;0;8;8;8;8;0;0;0;0;0;0;0;130;2920;99;0;0
09;0901;090112;1;1;5;18;2;0;0;0;0;0;0;0;0;0;0;0;0;0;0;0;0;0;0;0;0;0;0;0;0;0;0;0;0;0;0;0;0;0;0;0;0;0;0;0;0;8;8;8;8;0;0;0;0;0;0;0;665;2920;275;0;1
01;0101;010110;1;1;5;18;2;0;0;0;0;0;0;0;0;0;0;0;0;0;0;0;0;0;0;0;0;0;0;0;0;0;0;0;0;0;0;0;0;0;0;0;0;0;0;0;0;19;19;19;19;3;0;0;0;2;0;0;1570;6935;1261;0;0
23;2301;230102;1;32;1;18;2;0;0;0;0;0;0;0;0;0;0;0;0;0;0;0;0;0;0;0;0;0;0;0;0;0;0;0;0;0;0;0;0;0;0;0;0;0;0;0;0;12;12;12;12;0;0;0;0;0;0;0;313;4390;250;0;0
07;0701;070102;1;1;5;18;2;0;0;0;0;0;0;0;0;2;2;0;0;0;0;0;0;0;0;0;0;0;0;0;0;0;0;0;0;0;0;0;0;0;0;0;0;0;0;0;0;10;10;12;12;0;0;0;0;0;0;0;193;4380;72;0;0
24;2403;240352;2;1;5;18;2;0;0;0;0;0;0;0;0;0;0;0;0;0;0;0;0;0;0;0;0;0;0;0;0;0;0;0;0;0;0;0;0;0;0;0;0;0;0;0;0;9;9;9;9;0;0;0;0;0;0;0;539;3285;336;0;0
14;1406;140650;1;12;3;18;2;11;11;1;1;4;4;0;0;1;1;0;0;0;0;0;0;0;0;0;0;0;0;0;0;0;0;0;0;0;0;0;0;0;0;0;0;0;0;0;0;0;0;17;17;0;0;0;0;0;1;0;710;6205;316;0;0
10;1001;100104;1;12;3;18;2;0;0;0;0;0;0;0;0;0;0;0;0;0;0;0;0;0;0;0;0;0;0;0;0;0;0;0;0;0;0;0;0;0;0;0;0;0;0;0;0;9;9;9;9;0;0;0;0;0;1;0;296;3285;257;0;0
17;1701;170113;1;12;3;18;2;0;0;0;0;10;10;0;0;9;9;0;0;0;0;0;0;0;0;0;0;0;0;0;0;0;0;0;0;0;0;0;0;0;0;0;0;0;0;0;0;0;0;19;19;2;0;0;0;0;0;0;512;6935;292;0;0
07;0701;070102;1;1;5;18;2;20;20;0;0;0;0;2;2;0;0;0;0;0;0;0;0;0;0;0;0;0;0;0;0;0;0;0;0;0;0;0;0;0;0;0;0;0;0;0;0;0;0;22;22;0;0;0;0;0;0;0;1515;8030;1023;2;2
10;1001;100104;1;12;3;18;2;0;0;0;0;0;0;0;0;0;0;0;0;0;0;0;0;0;0;0;0;0;0;0;0;0;0;0;0;0;0;0;0;0;0;0;0;0;0;0;0;4;4;4;4;0;0;0;0;0;0;0;78;1460;78;0;0
17;1701;170109;1;12;3;18;2;0;0;0;0;0;0;0;0;1;1;0;0;0;0;0;0;0;0;0;0;0;0;0;0;0;0;0;0;0;0;0;0;0;0;0;0;0;0;0;0;5;5;6;6;0;0;0;0;0;1;0;43;2190;30;0;0
11;1101;110103;1;1;5;18;2;0;0;0;0;0;0;0;0;0;0;0;0;0;0;0;0;0;0;0;0;0;0;0;0;0;0;0;0;0;0;0;0;0;0;0;0;0;0;0;0;21;21;21;21;4;4;0;2;0;4;0;3591;7665;1922;9;19
10;1001;100103;1;12;3;18;2;0;0;0;0;0;0;0;0;0;0;0;0;0;0;0;0;0;0;0;0;0;0;0;0;0;0;0;0;0;0;0;0;0;0;0;0;0;0;0;0;18;18;18;18;2;2;0;1;0;2;0;1052;6570;659;0;0
24;2402;240250;1;32;1;18;2;0;0;0;0;0;0;0;0;0;0;0;0;0;0;0;0;0;0;0;0;0;0;0;0;0;0;0;0;0;0;0;0;0;0;0;0;0;0;0;0;9;9;9;9;1;1;0;0;0;0;9;857;3285;856;0;0
09;0901;090112;1;1;5;18;2;0;0;0;0;0;0;0;0;0;0;0;0;0;0;0;0;0;0;0;0;0;0;0;0;0;0;0;0;0;0;0;0;0;0;0;0;0;0;0;0;12;12;12;12;0;0;0;0;0;0;0;3208;4380;2531;2;2
11;1101;110101;1;2;1;18;2;2;2;3;3;0;0;3;3;4;4;0;0;0;0;0;0;1;1;0;0;0;0;1;1;1;1;0;0;0;0;0;0;0;0;0;0;0;0;0;0;0;0;15;15;3;3;0;0;1;0;0;223;5475;145;0;0
17;1701;170123;1;12;3;18;2;0;0;0;0;0;0;0;0;6;6;0;0;0;0;0;0;0;0;0;0;0;0;0;0;0;0;0;0;0;0;0;0;0;0;0;0;0;0;0;0;19;19;25;25;1;0;0;1;1;2;0;1511;9125;852;0;2
09;0910;091050;1;1;5;18;2;4;4;3;3;3;3;0;0;6;6;0;0;0;0;0;0;0;0;0;0;0;0;0;0;0;0;0;0;0;0;0;0;0;0;0;0;0;0;0;0;0;0;16;16;0;0;0;0;0;0;0;1318;5840;1141;0;0
07;0710;071001;1;1;5;18;2;0;0;0;0;0;0;0;0;3;3;0;0;0;0;0;0;0;0;0;0;0;0;0;0;0;0;0;0;0;0;0;0;0;0;0;0;0;0;0;0;8;8;11;11;0;0;0;0;0;0;0;732;4015;601;1;1
17;1701;170106;1;12;3;18;2;0;0;0;0;0;0;0;0;0;0;0;0;0;0;0;0;0;0;0;0;0;0;0;0;0;0;0;0;0;0;0;0;0;0;0;0;0;0;0;0;4;4;4;4;2;0;0;0;0;2;0;516;1460;392;2;2
09;0901;090103;1;11;1;18;2;0;0;0;0;4;4;0;0;0;0;0;0;0;0;0;0;0;0;0;0;0;0;0;0;0;0;0;0;0;0;0;0;0;0;0;0;0;0;0;0;33;33;37;37;4;7;0;0;5;0;4;11271;13485;3106;16;88
17;1701;170112;1;12;3;17;3;0;0;0;0;0;0;0;0;0;0;0;0;0;0;0;0;0;0;0;0;0;0;0;0;0;0;0;0;0;0;0;0;0;0;0;0;0;0;0;0;53;53;53;53;4;6;0;0;0;6;0;11252;19345;4061;15;46
01;0101;010107;1;1;5;18;2;3;3;3;3;2;2;1;1;0;0;0;0;0;0;0;0;3;3;1;1;0;0;2;2;1;1;0;0;0;0;0;0;0;0;0;0;1;1;0;0;0;0;17;17;0;0;0;0;0;0;0;2834;6205;1928;3;7
05;0501;050103;1;12;3;18;2;0;0;0;0;0;0;0;0;9;9;0;0;0;0;0;0;0;0;0;0;0;0;0;0;0;0;0;0;0;0;0;0;0;0;0;0;0;0;0;0;9;9;18;18;0;0;0;0;0;0;0;1335;6570;753;1;0
01;0101;010112;1;1;5;18;2;0;0;9;9;2;2;0;0;0;0;0;0;0;0;0;0;0;0;0;0;0;0;0;0;0;0;0;0;0;0;0;0;0;0;0;0;0;0;0;0;0;0;11;11;5;0;0;0;0;0;0;1527;4756;1336;1;2
07;0710;071001;1;2;1;18;2;3;3;3;3;3;3;1;1;3;3;0;0;0;0;0;0;1;1;1;1;0;0;0;0;1;1;0;0;0;0;1;1;0;0;0;0;0;0;0;0;0;0;17;17;1;3;1;1;2;0;0;10300;6205;2250;24;88
05;0501;050104;1;12;3;18;2;0;0;0;0;0;0;0;0;0;0;0;0;0;0;0;0;0;0;0;0;0;0;0;0;0;0;0;0;0;0;0;0;0;0;0;0;0;0;0;0;10;10;10;10;0;0;0;0;0;0;0;968;3650;367;0;1
09;0901;090113;1;1;5;18;2;0;0;0;0;0;0;0;0;0;0;0;0;0;0;0;0;0;0;0;0;0;0;0;0;0;0;0;0;0;0;0;0;0;0;0;0;0;0;0;0;25;25;25;25;4;0;0;0;0;2;1;2217;9125;1704;2;0
09;0921;092150;1;1;5;18;2;0;0;0;0;0;0;0;0;0;0;0;0;0;0;0;0;0;0;0;0;0;0;0;0;0;0;0;0;0;0;0;0;0;0;0;0;0;0;0;0;15;15;15;15;0;0;0;0;0;0;0;526;5475;179;0;0
11;1101;110103;1;12;3;18;2;0;0;0;0;0;0;0;0;0;0;0;0;0;0;0;0;0;0;0;0;0;0;0;0;0;0;0;0;0;0;0;0;0;0;0;0;0;0;0;0;5;5;5;5;0;0;0;0;0;0;0;31;1825;16;0;0
03;0301;030150;1;1;5;18;2;0;0;0;0;0;0;0;0;1;1;0;0;0;0;0;0;0;0;0;0;0;0;0;0;0;0;0;0;0;0;0;0;0;0;0;0;0;0;0;0;10;10;11;11;2;0;0;0;0;0;0;1383;4015;720;6;3
13;1308;130804;1;1;5;18;2;0;0;0;0;0;0;0;0;0;0;0;0;0;0;0;0;0;0;0;0;0;0;0;0;0;0;0;0;0;0;0;0;0;0;0;0;0;0;0;0;8;8;8;8;0;0;0;0;0;0;0;1055;2920;1053;0;0
01;0101;010107;1;2;1;18;2;0;0;0;0;0;0;0;0;8;8;0;0;0;0;0;0;0;0;0;0;0;0;0;0;0;0;0;0;0;0;0;0;0;0;0;0;0;0;0;0;24;23;32;31;9;5;0;8;0;3;2;5886;11346;1905;2;7
17;1701;170130;1;12;3;18;2;0;0;0;0;0;0;0;0;16;16;0;0;0;0;0;0;0;0;2;2;0;0;0;0;0;0;0;0;0;0;0;0;0;0;0;0;0;0;2;2;18;18;38;38;0;0;0;0;0;0;0;11748;13870;2327;6;23
05;0501;050104;1;12;3;18;2;0;0;0;0;0;0;0;0;0;0;0;0;0;0;0;0;0;0;0;0;0;0;0;0;0;0;0;0;0;0;0;0;0;0;0;0;0;0;0;0;10;10;10;10;0;0;0;0;0;0;0;1177;3650;497;0;0
09;0910;091050;1;32;1;18;2;4;2;1;1;0;0;0;0;0;0;0;0;0;0;0;0;0;0;0;0;0;0;0;0;2;1;0;0;0;0;0;0;0;0;0;0;0;0;0;0;0;0;7;4;0;0;0;0;0;0;0;50;1267;50;0;0
09;0901;090102;1;1;5;18;2;0;0;0;0;0;0;0;0;0;0;0;0;0;0;0;0;0;0;0;0;0;0;0;0;0;0;0;0;0;0;0;0;0;0;0;0;0;0;0;0;20;20;20;20;0;0;0;0;0;0;0;1188;7300;1154;0;0
09;0910;091050;1;1;5;18;2;2;2;1;1;0;0;0;0;0;0;0;0;5;5;0;0;0;0;0;0;0;0;0;0;0;0;0;0;0;0;0;0;0;0;0;0;0;0;0;0;22;22;30;30;3;10;0;0;0;0;1;8956;10894;2383;6;18
07;0701;070102;1;12;3;18;2;0;0;0;0;0;0;1;1;0;0;0;0;0;0;0;0;0;0;0;0;0;0;0;0;0;0;0;0;0;0;0;0;0;0;0;0;0;0;0;0;3;3;4;4;0;0;0;0;0;0;0;91;1460;91;1;0
09;0918;091850;1;32;1;18;2;0;0;0;0;0;0;0;0;0;0;0;0;0;0;0;0;0;0;0;0;0;0;0;0;0;0;0;0;0;0;0;0;0;0;0;0;0;0;0;0;7;7;7;7;0;0;0;0;0;0;0;133;2534;108;0;0
13;1301;130101;1;11;1;18;2;0;0;0;0;0;0;0;0;0;0;0;0;0;0;0;0;0;0;0;0;0;0;0;0;0;0;0;0;0;0;0;0;0;0;0;0;0;0;0;0;28;28;28;28;0;0;0;0;0;0;0;837;10220;614;0;0
17;1701;170124;1;12;3;18;2;0;0;0;0;0;0;0;0;0;0;0;0;0;0;0;0;0;0;0;0;0;0;0;0;0;0;0;0;0;0;0;0;0;0;0;0;0;0;0;0;13;13;13;13;0;5;0;0;0;0;0;3645;4745;635;7;45
03;0301;030102;1;12;3;18;2;6;6;0;0;4;4;1;1;0;0;0;0;0;0;1;1;1;1;0;0;0;0;0;0;2;2;2;2;0;0;0;0;0;0;0;0;0;0;0;0;0;0;17;17;2;0;0;0;0;1;0;1499;6205;770;4;6
17;1701;170112;1;12;3;18;2;0;0;0;0;0;0;0;0;0;0;0;0;0;0;0;0;0;0;0;0;0;0;0;0;0;0;0;0;0;0;0;0;0;0;0;0;0;0;0;0;8;8;8;8;0;0;0;0;0;0;0;692;2920;463;0;0
24;2402;240250;1;1;5;18;2;13;13;3;3;8;8;11;11;5;5;0;0;0;0;0;0;0;0;0;0;0;0;0;0;0;0;0;0;0;0;0;0;0;0;0;0;0;0;0;0;0;0;40;40;0;0;0;0;0;0;0;944;14600;539;3;2
13;1301;130102;1;1;5;18;2;4;4;4;4;2;2;2;2;0;0;1;1;1;1;0;0;0;0;0;0;0;0;0;0;0;0;0;0;0;0;0;0;0;0;0;0;0;0;0;0;0;0;14;14;3;0;0;0;0;2;1;641;5110;202;0;2
09;0901;090112;1;1;5;18;2;0;0;0;0;0;0;0;0;0;0;0;0;0;0;0;0;0;0;0;0;0;0;0;0;0;0;0;0;0;0;0;0;0;0;0;0;0;0;0;0;14;14;14;14;0;0;0;0;0;0;0;137;5110;78;0;0
07;0701;070101;1;2;1;18;2;0;0;0;0;0;0;5;5;14;14;0;0;0;0;0;0;0;0;2;2;0;0;0;0;0;0;0;0;0;0;0;0;0;0;0;0;0;0;0;0;29;29;50;50;6;7;2;6;4;3;0;13473;18250;3338;8;47
07;0701;070101;1;1;5;18;2;0;0;0;0;0;0;0;0;0;0;0;0;0;0;0;0;0;0;0;0;0;0;0;0;0;0;0;0;0;0;0;0;0;0;0;0;0;0;0;0;8;7;8;7;0;0;0;0;0;1;1;573;2558;500;0;1
09;0901;090105;1;32;1;18;2;0;0;10;10;0;0;0;0;0;0;0;0;0;0;0;0;0;0;0;0;0;0;0;0;2;2;0;0;0;0;0;0;0;0;2;2;0;0;0;0;0;0;14;14;2;0;0;0;0;2;0;149;5124;84;0;0
22;2201;220150;1;12;3;18;2;0;0;0;0;0;0;0;0;0;0;0;0;0;0;0;0;0;0;0;0;0;0;0;0;0;0;0;0;0;0;0;0;0;0;0;0;0;0;0;0;7;7;7;7;0;0;0;0;0;0;0;659;2555;330;0;0
09;0901;090110;1;1;5;18;2;0;0;0;0;0;0;0;0;0;0;0;0;0;0;0;0;0;0;0;0;0;0;0;0;0;0;0;0;0;0;0;0;0;0;0;0;0;0;0;0;22;22;22;22;0;0;0;0;0;0;0;58;8028;36;0;0
09;0901;090114;1;32;1;18;2;0;0;0;0;0;0;0;0;0;0;0;0;0;0;0;0;0;0;0;0;0;0;0;0;0;0;0;0;0;0;0;0;0;0;0;0;0;0;0;0;5;5;5;5;0;0;0;0;0;0;0;11;1825;9;0;0
13;1301;130106;1;1;5;18;2;0;0;0;0;0;0;0;0;0;0;0;0;0;0;0;0;0;0;0;0;0;0;0;0;0;0;0;0;0;0;0;0;0;0;0;0;0;0;0;0;6;6;6;6;0;0;0;0;0;0;0;892;2190;804;0;1
09;0924;092450;1;32;1;18;2;4;4;0;0;0;0;0;0;0;0;0;0;0;0;0;0;0;0;0;0;0;0;0;0;0;0;0;0;0;0;0;0;0;0;0;0;0;0;0;0;4;4;8;8;0;0;0;0;0;0;0;394;2920;299;0;0
13;1309;130902;1;12;3;18;2;0;0;0;0;0;0;0;0;0;0;0;0;0;0;0;0;0;0;0;0;0;0;0;0;0;0;0;0;0;0;0;0;0;0;0;0;0;0;0;0;8;8;8;8;0;0;0;0;0;0;0;268;2920;258;0;0
17;1703;170350;1;12;3;18;2;4;4;2;2;1;1;0;0;1;1;0;0;0;0;0;0;0;0;0;0;0;0;0;0;0;0;0;0;0;0;0;0;0;0;0;0;0;0;0;0;0;0;8;8;0;0;0;0;0;0;0;36;2920;28;0;0
09;0901;090114;1;32;1;18;2;1;1;1;1;2;2;0;0;1;1;0;0;0;0;0;0;0;0;0;0;0;0;0;0;0;0;0;0;0;0;0;0;0;0;0;0;0;0;0;0;3;3;8;8;0;0;0;0;0;0;2;169;2920;110;0;0
09;0908;090850;1;32;1;18;2;0;0;0;0;6;6;0;0;1;1;0;0;0;0;0;0;0;0;0;0;0;0;0;0;0;0;0;0;0;0;0;0;0;0;0;0;0;0;0;0;7;7;14;14;0;0;0;0;0;0;0;223;5110;194;0;0
09;0901;090112;1;1;5;18;2;15;15;0;0;0;0;0;0;0;0;0;0;0;0;0;0;0;0;0;0;0;0;0;0;0;0;0;0;0;0;0;0;0;0;0;0;0;0;0;0;0;0;15;15;3;3;0;0;0;0;0;6662;5475;5470;21;13
17;1701;170102;1;12;3;18;2;0;0;0;0;2;2;0;0;2;2;0;0;0;0;0;0;0;0;0;0;0;0;0;0;0;0;0;0;0;0;0;0;0;0;0;0;0;0;0;0;3;3;7;7;2;2;0;0;1;1;0;125;4596;67;0;1
09;0901;090112;1;32;1;18;2;0;0;0;0;0;0;0;0;0;0;0;0;0;0;0;0;0;0;0;0;0;0;0;0;0;0;0;0;0;0;0;0;0;0;0;0;0;0;0;0;7;7;7;7;0;0;0;0;0;0;0;107;2555;106;0;0
17;1701;170106;1;1;5;17;3;0;0;3;3;4;4;0;0;1;1;0;0;0;0;0;0;0;0;1;1;0;0;0;0;0;0;0;0;0;0;0;0;0;0;0;0;0;0;0;0;0;0;9;9;1;0;0;0;0;1;1;138;3285;87;1;0
01;0101;010101;1;12;3;17;3;0;0;8;8;0;0;0;0;0;0;0;0;0;0;0;0;0;0;0;0;0;0;0;0;0;0;0;0;0;0;0;0;0;0;0;0;0;0;0;0;0;0;8;8;0;0;0;0;0;2;0;122;2920;116;0;0
01;0101;010103;1;1;5;17;3;2;2;2;2;12;12;6;6;9;12;0;0;0;0;0;0;0;0;0;0;0;0;0;0;0;0;0;0;0;0;0;0;0;0;0;0;0;0;0;0;0;0;31;34;0;2;0;3;0;0;0;7804;12410;2732;7;13
17;1701;170115;1;12;3;18;2;0;0;0;0;0;0;0;0;0;0;0;0;0;0;0;0;0;0;0;0;0;0;0;0;0;0;0;0;0;0;0;0;0;0;0;0;0;0;24;24;0;0;24;24;0;0;0;0;0;0;0;3062;8760;186;39;121
13;1308;130803;1;1;5;3;1;0;0;0;0;0;0;0;0;0;0;0;0;0;0;0;0;0;0;0;0;0;0;0;0;0;0;0;0;0;0;0;0;0;0;0;0;0;0;0;0;16;16;16;16;0;0;0;0;0;0;0;287;5840;211;0;0
11;1101;110101;1;1;5;3;1;20;20;5;5;2;2;3;3;0;0;0;0;0;0;0;0;4;4;0;0;0;0;0;0;0;0;0;0;0;0;0;0;0;0;0;0;0;0;0;0;0;0;34;34;0;0;0;0;0;2;0;936;12410;247;0;0
18;1801;180109;1;1;5;18;2;0;0;0;0;0;0;0;0;0;0;0;0;0;0;0;0;0;0;0;0;0;0;0;0;0;0;0;0;0;0;0;0;0;0;0;0;0;0;0;0;20;20;20;20;0;0;0;0;0;0;0;1956;7300;1133;2;5
24;2401;240156;2;1;5;6;1;10;10;9;9;14;14;6;6;0;0;0;0;0;0;0;0;3;3;0;0;1;1;1;1;1;1;0;0;0;0;0;0;0;0;0;0;0;0;0;0;0;0;45;45;0;0;0;0;0;0;0;9341;16425;2071;5;14
11;1101;110104;1;1;5;18;2;0;0;0;0;0;0;0;0;0;0;0;0;0;0;0;0;0;0;0;0;0;0;0;0;0;0;0;0;0;0;0;0;0;0;0;0;0;0;0;0;6;6;6;6;0;0;0;0;0;0;0;620;2190;317;2;9
05;0501;050104;1;1;5;3;1;0;0;0;0;0;0;0;0;0;0;0;0;0;0;0;0;0;0;0;0;0;0;0;0;0;0;0;0;0;0;0;0;0;0;0;0;0;0;0;0;11;11;11;11;0;0;0;0;0;0;0;171;4015;105;0;0
18;1801;180107;1;1;5;18;2;9;9;0;0;1;1;2;2;0;0;0;0;0;0;0;0;0;0;0;0;0;0;0;0;0;0;0;0;0;0;0;0;0;0;0;0;0;0;0;0;0;0;12;12;1;0;0;0;1;1;0;665;4380;452;0;0
13;1303;130301;1;1;5;6;1;7;6;11;9;6;5;1;0;0;0;1;0;0;0;0;0;4;3;0;0;0;0;0;0;3;3;5;2;0;0;0;0;1;1;0;0;0;0;1;1;0;0;40;30;9;0;0;0;0;0;1;6003;6612;1908;3;5
09;0901;090112;1;1;5;18;2;0;0;0;0;0;0;0;0;0;0;0;0;0;0;0;0;0;0;0;0;0;0;0;0;0;0;0;0;0;0;0;0;0;0;0;0;0;0;0;0;19;19;19;19;0;0;0;0;0;0;0;1100;6935;550;0;0
07;0709;070903;1;1;5;18;2;4;4;2;2;1;1;1;1;0;0;0;0;0;0;0;0;8;8;0;0;0;0;0;0;0;0;0;0;0;0;0;0;0;0;0;0;0;0;0;0;2;2;18;18;2;0;0;0;2;0;0;2763;6394;928;5;4
23;2301;230150;1;1;5;18;2;2;2;5;5;4;4;2;2;0;0;0;0;0;0;0;0;0;0;1;1;0;0;0;0;1;1;0;0;0;0;0;0;0;0;0;0;0;0;0;0;0;0;15;15;0;0;0;0;0;0;0;893;5475;575;2;0
13;1303;130301;1;1;5;18;2;0;0;0;0;0;0;0;0;0;0;0;0;0;0;0;0;0;0;0;0;0;0;0;0;0;0;0;0;0;0;0;0;0;0;0;0;0;0;0;0;9;9;9;9;0;0;0;0;0;0;0;2117;3225;1122;2;3
18;1801;180101;1;1;5;18;2;0;0;0;0;0;0;0;0;0;0;0;0;0;0;0;0;0;0;0;0;0;0;0;0;0;0;0;0;0;0;0;0;0;0;0;0;0;0;0;0;24;24;24;24;4;3;1;1;0;3;1;1815;8760;558;2;27
12;1205;120506;1;1;5;18;2;0;0;0;0;0;0;0;0;0;0;0;0;0;0;0;0;0;0;0;0;0;0;0;0;0;0;0;0;0;0;0;0;0;0;0;0;0;0;0;0;6;6;6;6;3;0;0;0;0;0;0;557;2190;106;0;1
11;1110;111050;1;1;5;1;1;6;6;0;0;7;7;2;2;0;0;0;0;0;0;0;0;0;0;0;0;0;0;0;0;0;0;0;0;0;0;0;0;0;0;0;0;0;0;0;0;0;0;15;15;1;0;0;0;0;0;0;2596;5475;1015;2;9
06;0602;060250;1;1;5;1;1;16;16;10;10;10;10;5;5;0;0;0;0;0;0;0;0;0;0;0;0;0;0;0;0;0;0;0;0;0;0;0;0;0;0;0;0;0;0;0;0;0;0;41;41;3;0;0;0;3;0;3;3383;14924;1224;4;4
11;1106;110650;1;1;5;1;1;5;5;3;3;3;3;4;4;0;0;0;0;0;0;0;0;0;0;0;0;0;0;0;0;0;0;0;0;0;0;0;0;0;0;0;0;0;0;0;0;0;0;15;15;2;0;0;0;0;0;2;1906;5475;621;5;7
07;0702;070250;1;1;5;1;1;6;6;2;2;7;7;3;3;0;0;0;0;0;0;0;0;0;0;0;0;0;0;0;0;0;0;0;0;0;0;0;0;0;0;0;0;0;0;0;0;0;0;18;18;2;0;0;0;0;0;0;3069;6570;1198;8;12
10;1002;100250;1;1;5;1;1;4;4;2;2;6;6;3;3;0;0;0;0;0;0;0;0;0;0;0;0;0;0;0;0;0;0;0;0;0;0;0;0;0;0;0;0;0;0;0;0;0;0;15;15;5;0;0;0;0;2;2;3582;8371;1314;1;1
12;1202;120250;1;1;5;1;1;9;9;3;3;8;8;3;3;0;0;0;0;0;0;0;0;0;0;0;0;0;0;0;0;0;0;0;0;0;0;0;0;0;0;0;0;0;0;0;0;0;0;23;23;2;0;0;0;0;2;3;3673;8505;1290;7;10
09;0904;090450;1;1;5;1;1;16;16;4;4;22;22;9;9;0;0;0;0;0;0;0;0;0;0;0;0;0;0;0;0;0;0;0;0;0;0;0;0;0;0;0;0;0;0;0;0;0;0;51;51;0;0;0;0;0;0;0;3442;18653;1453;14;29
13;1302;130250;1;1;5;1;1;13;13;3;3;11;11;13;13;0;0;0;0;0;0;0;0;0;0;0;0;0;0;0;0;0;0;0;0;0;0;0;0;0;0;0;0;0;0;0;0;0;0;40;40;7;0;0;0;0;0;1;6611;14568;2651;22;22
11;1102;110250;1;1;5;1;1;6;6;2;2;10;10;2;2;0;0;0;0;0;0;0;0;0;0;0;0;0;0;0;0;0;0;0;0;0;0;0;0;0;0;0;0;0;0;0;0;0;0;20;20;3;0;0;0;0;0;0;2473;7296;942;9;35
17;1702;170202;1;1;5;1;1;4;4;7;7;12;12;7;7;0;0;0;0;0;0;0;0;0;0;0;0;0;0;0;0;0;0;0;0;0;0;0;0;0;0;0;0;0;0;0;0;0;0;30;30;0;0;0;0;0;0;5;5842;10950;1880;1;4
06;0603;060350;1;1;5;1;1;10;10;5;5;6;6;4;4;0;0;0;0;0;0;0;0;0;0;0;0;0;0;0;0;0;0;0;0;0;0;0;0;0;0;0;0;0;0;0;0;0;0;25;25;3;0;0;0;0;0;0;2024;9001;696;2;0
10;1003;100350;1;1;5;1;1;6;6;6;6;7;7;4;4;0;0;0;0;0;0;0;0;0;0;0;0;0;0;0;0;0;0;0;0;0;0;0;0;0;0;0;0;0;0;0;0;0;0;23;23;2;0;0;0;0;2;3;3958;8395;1422;1;2
09;0906;090601;1;1;5;1;1;8;8;3;3;6;6;4;4;0;0;0;0;0;0;0;0;0;0;0;0;0;0;0;0;0;0;0;0;0;0;0;0;0;0;0;0;0;0;0;0;0;0;21;21;9;0;0;0;1;0;2;5839;7455;2677;15;33
13;1304;130401;1;1;5;1;1;3;3;2;2;7;7;3;3;0;0;0;0;0;0;0;0;0;0;0;0;0;0;0;0;0;0;0;0;0;0;0;0;0;0;0;0;0;0;0;0;0;0;15;15;1;0;0;0;0;6;0;5991;5943;1744;10;37
05;0503;050350;1;1;5;1;1;8;9;0;0;4;4;3;3;0;0;0;0;0;0;0;0;0;0;0;0;0;0;0;0;0;0;0;0;0;0;0;0;0;0;0;0;0;0;0;0;0;0;15;16;2;0;0;0;0;1;4;2093;5475;832;4;11
09;0908;090850;1;1;5;1;1;8;8;6;6;10;10;6;6;0;0;0;0;0;0;0;0;0;0;0;0;0;0;0;0;0;0;0;0;0;0;0;0;0;0;0;0;0;0;0;0;0;0;30;30;5;0;0;0;0;2;2;4915;10950;1900;16;29
07;0706;070650;1;1;5;1;1;8;8;4;4;11;11;10;10;0;0;0;0;0;0;0;0;0;0;0;0;0;0;0;0;0;0;0;0;0;0;0;0;0;0;0;0;0;0;0;0;0;0;33;33;3;0;0;0;0;2;0;3682;12045;1253;15;26
09;0909;090950;1;1;5;1;1;4;4;5;5;7;7;4;4;0;0;0;0;0;0;0;0;0;0;0;0;0;0;0;0;0;0;0;0;0;0;0;0;0;0;0;0;0;0;0;0;0;0;20;20;6;0;0;0;0;0;0;3213;7300;1034;13;19
01;0102;010250;1;1;5;1;1;6;7;3;4;3;5;3;2;0;0;0;0;0;0;0;0;0;0;0;0;0;0;0;0;0;0;0;0;0;0;0;0;0;0;0;0;0;0;0;0;0;0;15;18;2;0;0;0;0;0;0;4832;6629;1489;11;32
14;1402;140201;1;1;5;1;1;8;12;4;6;4;15;2;14;0;0;0;0;0;0;0;0;0;0;0;0;0;0;0;0;0;0;0;0;0;0;0;0;0;0;0;0;0;0;0;0;0;0;18;47;3;0;0;0;0;3;2;8656;17155;2505;18;22
06;0606;060650;1;1;5;1;1;4;4;2;2;5;5;4;4;0;0;0;0;0;0;0;0;0;0;2;2;0;0;0;0;0;0;0;0;0;0;0;0;0;0;0;0;0;0;0;0;0;0;17;17;3;0;0;0;0;0;0;1368;5843;539;1;0
07;0707;070750;1;1;5;1;1;9;9;10;10;12;12;9;9;0;0;0;0;0;0;0;0;0;0;0;0;0;0;0;0;0;0;0;0;0;0;0;0;0;0;0;0;0;0;0;0;0;0;40;40;10;0;0;0;0;0;0;6180;14600;1946;23;38
13;1301;130108;1;32;1;18;2;0;0;2;2;2;2;2;2;0;0;0;0;0;0;0;0;0;0;0;0;0;0;0;0;0;0;0;0;0;0;0;0;0;0;0;0;0;0;0;0;0;0;6;6;2;0;0;0;0;0;2;556;2190;320;1;1
13;1306;130602;1;1;5;1;1;15;15;8;8;19;19;8;8;0;0;0;0;0;0;0;0;0;0;0;0;0;0;0;0;0;0;0;0;0;0;0;0;0;0;0;0;0;0;0;0;0;0;50;50;8;0;0;0;1;0;0;11534;18252;3343;14;45
03;0304;030450;1;1;5;1;1;7;7;7;7;12;12;6;6;0;0;0;0;0;0;0;0;0;0;0;0;0;0;0;0;0;0;0;0;0;0;0;0;0;0;0;0;0;0;0;0;0;0;32;32;4;0;0;0;0;0;0;6899;11635;2470;12;14
18;1801;180109;1;1;5;18;2;6;6;6;6;6;6;0;0;1;1;0;0;0;0;0;0;0;0;0;0;0;0;0;0;1;1;6;6;0;0;0;0;0;0;0;0;0;0;0;0;0;0;26;26;0;0;0;0;0;0;0;76;9490;59;0;0
14;1403;140350;1;1;5;1;1;8;8;3;3;8;8;6;6;0;0;0;0;0;0;0;0;0;0;0;0;0;0;0;0;0;0;0;0;0;0;0;0;0;0;0;0;0;0;0;0;0;0;25;25;0;0;0;0;0;0;0;4224;8854;1303;5;10
17;1701;170169;2;1;5;1;1;4;4;0;0;7;7;4;4;0;0;0;0;0;0;0;0;0;0;0;0;0;0;0;0;0;0;0;0;0;0;0;0;0;0;0;0;0;0;0;0;0;0;15;15;3;0;0;0;0;0;0;1292;5474;445;1;2
09;0912;091250;1;1;5;1;1;4;4;3;3;5;5;3;3;0;0;0;0;0;0;0;0;0;0;0;0;0;0;0;0;0;0;0;0;0;0;0;0;0;0;0;0;0;0;0;0;0;0;15;15;5;0;0;0;0;0;1;1986;5482;694;5;13
22;2202;220250;1;1;5;16;1;12;13;2;2;2;2;3;3;0;0;0;0;0;0;0;0;0;0;0;0;0;0;0;0;0;0;0;0;0;0;0;0;0;0;0;0;0;0;0;0;0;0;19;20;0;0;0;0;0;0;0;489;7421;142;1;3
10;1004;100401;1;1;5;1;1;21;21;19;19;20;20;23;23;0;0;0;0;0;0;0;0;0;0;0;0;0;0;0;0;0;0;0;0;0;0;0;0;0;0;0;0;0;0;0;0;0;0;83;83;5;0;0;0;0;4;2;10712;30314;3776;13;31
07;0709;070950;1;1;5;1;1;14;14;14;14;21;21;10;10;6;6;0;0;0;0;0;0;0;0;0;0;0;0;0;0;0;0;0;0;0;0;0;0;0;0;0;0;0;0;0;0;0;0;65;65;6;0;0;0;0;0;0;11139;23725;2959;31;89
01;0105;010550;1;1;5;1;1;10;9;8;7;8;7;4;3;0;0;0;0;0;0;0;0;0;0;0;0;0;0;0;0;0;0;0;0;0;0;0;0;0;0;0;0;0;0;0;0;0;0;30;26;0;0;0;0;0;0;0;5836;9623;1526;4;10
18;1807;180701;1;1;5;1;1;4;4;4;4;9;9;2;2;0;0;0;0;0;0;0;0;0;0;0;0;0;0;0;0;0;0;0;0;0;0;0;0;0;0;0;0;0;0;0;0;0;0;19;19;3;0;0;0;0;1;0;2647;6935;1085;0;2
13;1311;131150;1;1;5;1;1;12;12;8;8;8;8;4;4;0;0;0;0;0;0;0;0;0;0;0;0;0;0;0;0;0;0;0;0;0;0;0;0;0;0;0;0;0;0;0;0;0;0;32;32;4;0;0;0;0;0;8;1962;11680;659;0;0
07;0710;071050;1;1;5;1;1;6;6;4;4;6;6;3;3;0;0;0;0;0;0;0;0;0;0;0;0;0;0;0;0;0;0;0;0;0;0;0;0;0;0;0;0;0;0;0;0;0;0;19;19;3;0;0;0;0;0;0;4626;6928;1313;13;38
09;0921;092150;1;1;5;1;1;3;3;2;2;6;6;4;4;0;0;0;0;0;0;0;0;0;0;1;1;0;0;0;0;0;0;0;0;0;0;0;0;0;0;0;0;0;0;0;0;0;0;16;16;3;0;0;0;0;2;0;3156;5840;1270;12;20
05;0504;050450;1;1;5;1;1;5;5;0;0;5;5;5;5;0;0;0;0;0;0;0;0;0;0;1;1;0;0;0;0;0;0;0;0;0;0;0;0;0;0;0;0;0;0;0;0;0;0;16;16;2;0;0;0;0;0;1;1860;5855;880;0;0
24;2403;240303;1;1;5;1;1;3;3;4;4;6;6;2;2;0;0;0;0;0;0;0;0;0;0;0;0;0;0;0;0;0;0;0;0;0;0;0;0;0;0;0;0;0;0;0;0;0;0;15;15;4;0;0;0;0;0;0;4301;5800;1622;4;4
09;0919;091950;1;1;5;1;1;8;8;2;2;6;6;4;4;0;0;0;0;0;0;0;0;0;0;0;0;0;0;0;0;0;0;0;0;0;0;0;0;0;0;0;0;0;0;0;0;0;0;20;20;5;0;0;0;0;0;0;1730;7300;674;8;7
04;0405;040550;1;1;5;1;1;5;5;5;5;11;11;4;4;0;0;0;0;0;0;0;0;0;0;0;0;0;0;0;0;0;0;0;0;0;0;0;0;0;0;0;0;0;0;0;0;0;0;25;25;6;0;0;0;0;4;2;2201;8284;854;0;1
08;0805;080550;1;1;5;1;1;13;13;12;12;15;15;28;28;0;0;0;0;0;0;0;0;0;0;0;0;0;0;0;0;0;0;0;0;0;0;0;0;0;0;0;0;0;0;0;0;0;0;68;68;10;0;0;0;0;6;9;7656;19727;2434;7;13
02;0205;020550;1;1;5;1;1;5;5;2;2;5;5;3;3;0;0;0;0;0;0;0;0;0;0;0;0;0;0;0;0;0;0;0;0;0;0;0;0;0;0;0;0;0;0;0;0;0;0;15;15;4;3;0;0;0;0;0;2270;3758;764;1;1
20;2003;200350;1;1;5;1;1;4;4;2;2;4;4;3;3;0;0;0;0;0;0;0;0;2;2;7;7;0;0;0;0;0;0;0;0;0;0;0;0;0;0;0;0;0;0;0;0;0;0;22;22;0;0;0;0;0;0;0;2582;7875;903;1;7
07;0712;071250;1;1;5;1;1;26;26;14;14;0;0;10;10;0;0;0;0;0;0;0;0;0;0;0;0;0;0;0;0;0;0;0;0;0;0;0;0;0;0;0;0;0;0;0;0;0;0;50;50;6;0;0;0;0;0;0;6116;16639;1586;36;56
11;1111;111150;1;1;5;1;1;6;6;3;3;3;3;3;3;0;0;0;0;0;0;0;0;0;0;0;0;0;0;0;0;0;0;0;0;0;0;0;0;0;0;0;0;0;0;0;0;0;0;15;15;3;0;0;0;0;0;0;1679;5475;693;6;9
01;0109;010950;1;1;5;1;1;8;8;2;2;3;3;5;5;0;0;0;0;0;0;0;0;0;0;0;0;0;0;0;0;0;0;0;0;0;0;0;0;0;0;0;0;0;0;0;0;0;0;18;18;6;0;0;0;0;2;0;5993;6467;1478;12;33
12;1207;120750;1;1;5;1;1;7;7;3;3;7;7;3;3;0;0;0;0;0;0;0;0;0;0;0;0;0;0;0;0;0;0;0;0;0;0;0;0;0;0;0;0;0;0;0;0;0;0;20;20;5;0;0;0;1;0;0;4389;7300;1684;1;6
11;1101;110161;2;1;5;1;1;6;6;3;3;3;3;3;3;0;0;0;0;0;0;0;0;0;0;0;0;0;0;0;0;0;0;0;0;0;0;0;0;0;0;0;0;0;0;0;0;0;0;15;15;2;0;0;0;0;2;1;1653;5475;570;6;3
12;1208;120850;1;1;5;1;1;16;16;4;4;22;22;9;9;0;0;0;0;0;0;0;0;0;0;0;0;0;0;0;0;0;0;0;0;0;0;0;0;0;0;0;0;0;0;0;0;0;0;51;51;7;0;0;0;3;3;0;7363;18653;2466;11;31
09;0920;092050;1;1;5;1;1;3;3;3;3;6;6;3;3;0;0;0;0;0;0;0;0;0;0;0;0;0;0;0;0;0;0;0;0;0;0;0;0;0;0;0;0;0;0;0;0;0;0;15;15;5;0;0;0;0;0;3;2966;5563;1329;6;11
19;1905;190550;1;1;5;1;1;16;16;20;20;20;20;12;12;0;0;0;0;0;0;0;0;0;0;0;0;0;0;0;0;0;0;0;0;0;0;0;0;0;0;0;0;0;0;0;0;0;0;68;68;2;0;0;0;0;3;0;11989;24820;3751;12;44
19;1902;190250;1;1;5;1;1;6;6;3;3;3;3;3;3;0;0;0;0;0;0;0;0;0;0;0;0;0;0;0;0;0;0;0;0;0;0;0;0;0;0;0;0;0;0;0;0;0;0;15;15;3;0;0;0;0;2;0;2080;5543;787;4;13
13;1308;130850;1;32;1;18;2;0;0;0;0;0;0;0;0;0;0;0;0;0;0;0;0;0;0;0;0;0;0;0;0;0;0;0;0;0;0;0;0;0;0;0;0;0;0;0;0;12;12;12;12;2;0;0;0;0;2;1;710;4402;699;0;0
18;1801;180105;1;1;5;18;2;3;3;2;2;1;1;1;1;0;0;1;1;1;1;0;0;2;2;0;0;0;0;0;0;1;1;1;1;0;0;1;1;0;0;0;0;0;0;2;2;0;0;16;16;4;5;0;0;2;3;0;1464;5840;481;3;24
02;0202;020250;1;1;5;1;1;6;6;3;3;3;3;3;3;0;0;0;0;0;0;0;0;0;0;0;0;0;0;0;0;0;0;0;0;0;0;0;0;0;0;0;0;0;0;0;0;0;0;15;15;0;0;0;0;0;2;0;2151;5475;916;4;4
24;2403;240303;1;1;5;3;1;5;5;2;2;2;2;2;2;0;0;0;0;0;0;0;0;4;4;0;0;2;2;2;2;0;0;0;0;0;0;0;0;0;0;0;0;0;0;1;1;0;0;20;20;0;0;0;0;0;0;0;238;7300;133;0;0
02;0201;020150;1;1;5;6;1;8;7;10;6;7;5;3;1;0;0;0;0;0;0;0;0;0;0;0;0;0;0;0;0;0;0;0;0;0;0;0;0;0;0;0;0;0;0;23;9;0;0;51;28;14;0;0;0;0;0;0;6165;9855;1362;2;18
08;0801;080104;1;1;5;3;1;6;6;4;4;4;4;2;2;0;0;0;0;0;0;0;0;4;4;0;0;0;0;0;0;0;0;0;0;0;0;0;0;0;0;0;0;0;0;0;0;0;0;20;20;0;0;0;0;0;0;0;1043;7300;203;1;2
22;2201;220150;1;1;5;3;1;10;10;3;3;2;2;3;3;0;0;0;0;0;0;0;0;2;2;0;0;0;0;0;0;0;0;0;0;0;0;0;0;0;0;0;0;0;0;0;0;0;0;20;20;0;0;0;0;0;0;0;445;7300;79;0;1
12;1205;120502;1;1;5;18;2;1;1;2;2;10;6;3;3;0;0;0;0;0;0;0;0;0;0;0;0;0;0;0;0;0;0;0;0;0;0;0;0;0;0;0;0;0;0;0;0;0;0;16;12;3;0;0;0;0;0;0;446;4378;436;0;0
05;0501;050102;1;1;5;6;1;21;21;15;15;14;14;14;14;8;8;2;2;0;0;0;0;13;13;0;0;0;0;0;0;0;0;2;2;0;0;1;1;0;0;0;0;0;0;5;5;0;0;95;95;16;5;0;0;0;8;0;16375;34675;3843;11;47
23;2301;230102;1;1;5;18;2;3;3;3;3;2;2;1;1;2;2;0;0;0;0;0;0;0;0;0;0;0;0;0;0;1;1;0;0;0;0;0;0;0;0;0;0;0;0;0;0;0;0;12;12;1;0;0;0;0;1;0;71;4380;30;0;0
18;1801;180109;1;1;5;18;2;0;0;0;0;0;0;0;0;0;0;0;0;0;0;0;0;0;0;0;0;0;0;0;0;0;0;0;0;0;0;0;0;0;0;0;0;0;0;0;0;10;10;10;10;1;0;0;0;0;2;1;219;3650;121;0;0
07;0707;070701;1;1;5;18;2;0;0;1;1;5;5;0;0;0;0;0;0;0;0;0;0;0;0;0;0;0;0;0;0;0;0;0;0;0;0;0;0;0;0;0;0;0;0;0;0;0;0;6;6;1;0;0;0;0;0;0;486;2190;250;0;0
13;1312;131250;1;1;5;1;1;4;4;3;3;4;4;4;4;0;0;0;0;0;0;0;0;0;0;0;0;0;0;0;0;0;0;0;0;0;0;0;0;0;0;0;0;0;0;0;0;0;0;15;15;5;0;0;0;0;2;0;1773;5475;814;2;2
13;1303;130302;1;1;5;17;3;1;1;2;2;2;2;1;1;0;0;0;0;0;0;0;0;1;1;0;0;0;0;0;0;1;1;1;1;0;0;0;0;0;0;0;0;0;0;0;0;0;0;9;9;0;0;0;0;0;0;0;312;3285;300;0;0
12;1210;121050;1;1;5;18;2;4;4;4;4;5;5;3;3;3;3;0;0;0;0;0;0;3;3;0;0;0;0;0;0;0;0;0;0;0;0;0;0;0;0;0;0;0;0;0;0;2;2;24;24;0;0;0;0;0;0;0;1463;8760;869;1;4
05;0502;050202;1;1;5;18;2;8;8;1;1;4;4;2;2;3;3;0;0;0;0;0;0;1;1;0;0;0;0;0;0;0;0;0;0;0;0;0;0;0;0;0;0;0;0;0;0;0;0;19;19;0;0;0;0;0;0;0;469;6935;237;1;1
05;0505;050550;1;1;5;18;2;0;0;0;0;0;0;0;0;0;0;0;0;0;0;0;0;0;0;0;0;0;0;0;0;0;0;0;0;0;0;0;0;0;0;0;0;0;0;0;0;8;8;8;8;0;0;0;0;0;0;0;252;2920;162;1;1
18;1801;180105;1;1;5;18;2;1;1;2;2;1;1;1;1;2;2;1;1;1;1;1;1;1;1;1;1;1;1;1;1;1;1;1;1;0;0;1;1;1;1;1;1;1;1;0;0;0;0;20;20;2;2;1;0;1;2;0;953;7300;524;0;0
12;1205;120501;1;1;5;18;2;8;8;2;2;2;2;2;2;3;3;0;0;0;0;0;0;0;0;0;0;0;0;0;0;0;0;0;0;0;0;0;0;0;0;0;0;0;0;0;0;0;0;17;17;0;0;0;0;0;0;0;1222;6205;390;0;1
06;0601;060101;1;1;5;18;2;0;0;0;0;0;0;0;0;0;0;0;0;0;0;0;0;0;0;0;0;0;0;0;0;0;0;0;0;0;0;0;0;0;0;0;0;0;0;0;0;8;8;8;8;0;0;0;0;0;0;0;672;2920;386;3;0
18;1801;180163;2;1;5;18;2;13;13;0;0;0;0;0;0;3;3;0;0;0;0;0;0;0;0;0;0;0;0;0;0;0;0;0;0;0;0;0;0;0;0;0;0;0;0;0;0;0;0;16;16;1;0;0;0;0;1;0;419;5750;208;1;3
18;1801;180109;1;1;5;18;2;0;0;0;0;8;8;0;0;0;0;0;0;0;0;0;0;0;0;0;0;0;0;0;0;0;0;0;0;0;0;0;0;0;0;0;0;0;0;0;0;0;0;8;8;0;0;0;0;0;0;0;603;2920;338;0;0
23;2301;230102;1;1;5;18;2;1;1;2;2;2;2;2;2;6;6;0;0;0;0;0;0;0;0;0;0;0;0;0;0;0;0;0;0;0;0;0;0;0;0;0;0;0;0;0;0;0;0;13;13;0;0;0;0;0;0;0;104;4745;63;0;0
02;0201;020102;1;32;1;18;2;0;0;0;0;1;1;0;0;0;0;0;0;0;0;0;0;0;0;0;0;0;0;0;0;0;0;0;0;0;0;0;0;0;0;0;0;0;0;0;0;4;4;5;5;0;0;0;0;0;0;0;541;1825;294;1;3
18;1801;180109;1;1;5;18;2;3;3;5;5;2;2;1;1;2;2;0;0;0;0;0;0;0;0;0;0;0;0;0;0;0;0;0;0;0;0;0;0;0;0;0;0;0;0;0;0;0;0;13;13;1;1;1;0;0;0;0;950;4745;568;0;2
09;0910;091050;1;1;5;18;2;0;0;0;0;3;3;5;5;4;4;0;0;0;0;0;0;0;0;1;1;0;0;0;0;0;0;0;0;0;0;0;0;0;0;0;0;0;0;0;0;18;18;31;31;3;2;0;0;0;3;0;1273;11315;612;4;3
23;2301;230107;1;1;5;18;2;0;0;0;0;0;0;0;0;0;0;0;0;0;0;0;0;0;0;0;0;0;0;0;0;0;0;0;0;0;0;0;0;0;0;0;0;0;0;0;0;7;7;7;7;2;0;0;0;0;0;0;727;2555;445;1;1
12;1205;120501;1;1;5;18;2;0;0;0;0;0;0;0;0;3;3;0;0;0;0;0;0;0;0;5;5;0;0;0;0;0;0;0;0;0;0;0;0;0;0;0;0;0;0;0;0;7;7;15;15;2;2;0;0;0;0;0;196;5475;75;0;2
18;1801;180107;1;1;5;18;2;0;0;0;0;0;0;0;0;2;2;0;0;0;0;0;0;0;0;8;8;0;0;0;0;0;0;0;0;0;0;0;0;0;0;0;0;0;0;0;0;6;6;16;16;2;4;0;0;0;2;0;1259;5840;538;2;11
09;0901;090102;1;1;5;11;1;86;86;0;0;0;0;0;0;0;0;0;0;0;0;20;20;0;0;0;0;0;0;0;0;0;0;0;0;0;0;0;0;0;0;0;0;0;0;0;0;12;5;118;111;14;0;0;0;0;7;0;17670;38690;2256;41;159
01;0101;010105;1;2;1;18;2;0;0;0;0;0;0;0;0;0;0;0;0;0;0;0;0;0;0;0;0;0;0;0;0;0;0;0;0;0;0;0;0;0;0;0;0;0;0;0;0;12;12;12;12;2;0;0;0;0;2;2;2843;4260;931;8;22
09;0901;090112;1;2;1;18;2;49;49;0;0;11;11;36;36;0;0;0;0;0;0;0;0;0;0;5;5;0;0;0;0;0;0;0;0;0;0;0;0;0;0;0;0;0;0;0;0;0;0;101;101;0;0;0;0;0;0;0;13198;36865;2610;4;47
11;1101;110101;1;2;1;18;2;0;0;0;0;0;0;0;0;2;2;0;0;0;0;0;0;0;0;0;0;0;0;0;0;0;0;0;0;0;0;0;0;0;0;0;0;0;0;0;0;29;29;31;31;5;3;0;1;1;1;0;6614;11315;2620;7;32
17;1701;170129;1;1;5;18;2;0;0;0;0;0;0;0;0;0;0;0;0;0;0;0;0;0;0;0;0;0;0;0;0;0;0;0;0;0;0;0;0;0;0;0;0;0;0;0;0;7;7;7;7;3;0;0;0;0;1;1;526;2555;270;0;0
17;1701;170106;1;10;2;1;1;0;0;0;0;0;0;0;0;0;0;0;0;0;0;0;0;0;0;0;0;0;0;0;0;0;0;0;0;0;0;0;0;0;0;0;0;0;0;60;45;0;0;60;45;4;0;0;0;0;0;0;11010;16095;1361;111;228
09;0901;090104;1;11;1;1;1;68;68;28;26;6;6;0;0;0;0;22;19;0;0;0;0;23;23;4;4;0;0;0;0;6;6;20;20;0;0;13;13;12;11;12;8;18;13;35;35;0;0;267;252;31;21;0;0;12;0;27;83647;92332;7918;208;893
17;1701;170113;1;11;1;1;1;37;33;33;30;9;9;0;0;0;0;16;14;16;5;0;0;57;45;0;0;12;4;9;3;18;17;18;17;0;0;46;38;20;17;25;25;12;12;95;112;0;0;423;381;54;6;0;0;14;16;0;112240;138669;14511;67;352
17;1701;170113;1;11;1;3;1;0;0;0;0;0;0;0;0;0;0;0;0;0;0;0;0;0;0;0;0;0;0;0;0;0;0;0;0;0;0;0;0;0;0;0;0;0;0;0;0;199;137;199;137;9;7;0;6;0;18;0;36474;50162;5466;19;197
09;0901;090114;1;11;1;6;1;11;9;40;26;31;30;0;0;20;15;31;31;14;10;15;12;31;26;8;7;8;8;9;8;15;14;28;23;0;0;22;20;9;9;20;10;30;19;26;25;0;0;368;302;56;58;0;28;11;36;3;87248;121672;14133;16;146
09;0901;090112;1;2;1;13;3;0;0;0;0;91;32;0;0;0;0;0;0;0;0;0;0;0;0;0;0;0;0;0;0;0;0;0;0;0;0;0;0;0;0;0;0;0;0;0;0;0;0;91;32;8;9;0;0;0;26;0;9897;11428;3296;0;2
12;1201;120101;1;32;1;18;2;0;0;0;0;0;0;0;0;0;0;0;0;0;0;0;0;0;0;0;0;0;0;0;0;0;0;0;0;0;0;0;0;0;0;0;0;0;0;0;0;8;8;8;8;1;0;0;0;0;1;1;163;2920;137;0;0
12;1210;121050;1;32;1;18;2;0;0;7;7;6;6;1;1;0;0;0;0;0;0;0;0;0;0;0;0;0;0;0;0;0;0;0;0;0;0;0;0;0;0;0;0;0;0;0;0;3;3;17;17;2;0;0;0;1;0;0;372;6205;298;0;0
24;2402;240250;1;32;1;18;2;0;0;0;0;0;0;0;0;0;0;0;0;0;0;0;0;0;0;0;0;0;0;0;0;0;0;0;0;0;0;0;0;0;0;0;0;0;0;0;0;5;0;5;0;1;0;0;0;0;2;3;10;155;10;0;0
09;0908;090850;1;32;1;18;2;2;2;2;2;2;2;2;2;0;0;0;0;0;0;0;0;0;0;0;0;0;0;0;0;0;0;0;0;0;0;0;0;0;0;0;0;0;0;0;0;0;0;8;8;1;0;0;0;0;1;0;479;2920;409;0;0
12;1207;120750;1;32;1;18;2;0;0;0;0;0;0;0;0;1;1;0;0;0;0;0;0;0;0;0;0;0;0;0;0;0;0;0;0;0;0;0;0;0;0;0;0;0;0;0;0;8;8;9;9;0;0;0;0;0;0;0;37;3285;32;0;0
12;1210;121001;1;32;1;18;2;0;0;0;0;2;1;0;0;1;0;0;0;0;0;0;0;0;0;0;0;0;0;0;0;0;0;0;0;0;0;0;0;0;0;0;0;0;0;0;0;9;4;12;5;0;0;0;0;0;0;0;12;1836;12;0;0
12;1205;120504;1;32;1;18;2;0;0;0;0;0;0;0;0;0;0;0;0;0;0;0;0;0;0;0;0;0;0;0;0;0;0;0;0;0;0;0;0;0;0;0;0;0;0;0;0;12;12;12;12;0;0;0;0;0;0;0;24;4380;24;0;0
09;0901;090107;1;32;1;18;2;4;0;0;0;6;1;0;0;0;0;0;0;0;0;0;0;0;0;0;0;0;0;0;0;0;0;0;0;0;0;0;0;0;0;0;0;0;0;0;0;5;0;15;1;0;0;0;0;0;0;0;113;465;108;0;0
12;1210;121050;1;32;1;18;2;7;7;1;1;2;2;0;0;1;1;0;0;0;0;0;0;0;0;0;0;0;0;0;0;0;0;0;0;0;0;0;0;0;0;0;0;0;0;0;0;0;0;11;11;1;2;0;0;0;0;0;171;4015;171;0;0
12;1210;121050;1;32;1;18;2;0;0;0;0;2;1;0;0;1;1;0;0;0;0;0;0;0;0;0;0;0;0;0;0;0;0;0;0;0;0;0;0;0;0;0;0;0;0;0;0;9;5;12;7;0;0;0;0;0;0;0;28;2544;27;0;0
12;1208;120802;1;32;1;18;2;0;0;3;3;1;1;3;3;0;0;0;0;0;0;0;0;0;0;0;0;0;0;0;0;0;0;0;0;0;0;0;0;0;0;0;0;0;0;0;0;0;0;7;7;0;0;0;0;0;0;0;861;2562;473;0;0
13;1304;130401;1;1;5;18;2;0;0;0;0;0;0;0;0;0;0;0;0;0;0;0;0;0;0;0;0;0;0;0;0;0;0;0;0;0;0;0;0;0;0;0;0;0;0;0;0;6;6;6;6;0;0;0;0;0;0;0;159;2190;93;0;0
09;0908;090850;1;32;1;18;2;8;8;0;0;0;0;0;0;0;0;0;0;0;0;0;0;0;0;0;0;0;0;0;0;0;0;0;0;0;0;0;0;0;0;0;0;0;0;0;0;0;0;8;8;0;0;0;0;0;0;0;254;2920;237;0;0
09;0921;092150;1;32;1;17;3;0;0;15;15;0;0;0;0;0;0;0;0;0;0;0;0;0;0;0;0;0;0;0;0;0;0;0;0;0;0;0;0;0;0;0;0;0;0;0;0;0;0;15;15;0;0;0;0;0;0;0;63;5475;33;0;0
12;1205;120501;1;32;1;18;2;3;3;3;3;3;3;0;0;0;0;0;0;0;0;0;0;0;0;0;0;0;0;0;0;3;3;0;0;0;0;0;0;0;0;0;0;0;0;0;0;0;0;12;12;1;2;0;0;0;1;1;359;4380;274;0;0
23;2301;230105;1;32;1;18;2;0;0;0;0;0;0;0;0;0;0;0;0;0;0;0;0;0;0;0;0;0;0;0;0;0;0;0;0;0;0;0;0;0;0;0;0;0;0;0;0;5;5;5;5;2;0;0;0;0;1;0;257;1825;196;0;0
09;0919;091950;1;32;1;18;2;0;0;0;0;0;0;0;0;3;3;0;0;0;0;0;0;0;0;0;0;0;0;0;0;0;0;0;0;0;0;0;0;0;0;0;0;0;0;0;0;8;8;11;11;0;0;0;0;0;0;0;136;4015;80;0;1
07;0701;070101;1;12;3;18;2;4;4;1;1;2;2;0;0;0;0;0;0;0;0;0;0;0;0;0;0;0;0;0;0;0;0;0;0;0;0;0;0;0;0;0;0;0;0;0;0;3;3;10;10;0;0;0;0;0;0;0;81;3650;81;1;0
12;1208;120850;1;32;1;18;2;9;9;5;5;2;2;0;0;1;1;0;0;0;0;0;0;0;0;0;0;0;0;0;0;0;0;0;0;0;0;0;0;0;0;0;0;0;0;0;0;0;0;17;17;2;0;0;0;0;1;0;2208;6205;1362;2;0
12;1204;120452;2;32;1;18;2;4;4;3;3;4;4;0;0;1;1;0;0;0;0;0;0;0;0;0;0;0;0;0;0;0;0;0;0;0;0;0;0;0;0;0;0;0;0;0;0;0;0;12;12;0;0;0;0;0;0;0;353;4380;133;0;0
09;0916;091650;1;32;1;18;2;4;4;2;2;0;0;0;0;1;1;0;0;0;0;0;0;0;0;0;0;0;0;0;0;0;0;0;0;0;0;0;0;0;0;0;0;0;0;0;0;0;0;7;7;0;0;0;0;0;0;0;226;2555;161;0;2
12;1201;120102;1;32;1;18;2;0;0;0;0;0;0;0;0;0;0;0;0;0;0;0;0;0;0;0;0;0;0;0;0;0;0;0;0;0;0;0;0;0;0;0;0;0;0;0;0;4;4;4;4;1;0;0;0;0;1;0;101;1460;71;0;1
17;1701;170157;2;2;1;18;2;11;10;9;9;10;10;15;12;4;4;4;4;3;4;2;2;6;6;0;0;2;3;3;3;3;3;3;4;0;0;2;3;2;2;3;2;0;0;0;0;0;0;82;81;18;8;4;4;4;6;0;13205;29930;3453;10;30
09;0901;090112;1;5;1;13;3;0;0;0;0;0;0;102;102;30;25;0;0;0;0;0;0;0;0;0;0;0;0;0;0;0;0;0;0;14;14;0;0;0;0;0;0;0;0;54;54;0;0;200;195;35;0;39;50;45;16;0;95123;69886;10839;28;230
06;0601;060101;1;1;5;18;2;9;9;8;8;0;0;0;0;0;0;0;0;0;0;0;0;0;0;0;0;0;0;0;0;0;0;0;0;0;0;0;0;0;0;0;0;0;0;0;0;4;4;21;21;1;5;0;0;3;1;0;5642;7665;2119;6;6
02;0201;020102;1;2;1;1;1;22;9;23;18;35;35;20;7;10;10;0;0;0;0;0;0;0;0;30;30;0;0;0;0;0;0;0;0;0;0;0;0;0;0;0;0;0;0;0;0;0;0;140;109;8;0;0;7;2;6;2;14629;39784;4034;16;84
18;1801;180101;1;2;1;6;1;38;38;32;32;36;36;30;30;15;15;4;4;0;0;1;1;26;26;0;0;1;1;1;1;11;11;2;2;0;0;8;8;8;8;0;0;0;0;3;3;0;0;216;216;15;8;0;7;21;11;70;49970;78840;9366;81;377
24;2403;240352;2;2;1;18;2;4;4;9;9;8;8;4;4;5;5;1;1;2;2;0;0;5;5;1;1;1;1;1;1;2;2;1;1;0;0;1;1;1;1;0;0;0;0;0;0;0;0;46;46;9;5;5;0;12;2;4;11256;19398;2470;30;80
23;2301;230106;1;2;1;18;2;0;0;0;0;0;0;0;0;3;3;0;0;0;0;0;0;0;0;0;0;0;0;0;0;0;0;0;0;0;0;0;0;0;0;0;0;0;0;0;0;16;16;19;19;0;0;0;0;0;0;0;1802;5856;671;8;22
09;0901;090112;1;2;1;6;1;185;138;63;40;61;43;60;38;0;0;7;3;4;1;0;0;59;27;0;0;0;0;6;2;14;9;15;11;0;0;5;1;14;6;0;0;0;0;35;21;0;0;528;340;59;29;0;0;11;0;0;67220;124266;14938;50;274
17;1701;170128;1;2;1;6;1;0;0;0;0;28;28;96;96;0;0;0;0;0;0;0;0;0;0;0;0;0;0;0;0;0;0;0;0;0;0;0;0;0;0;0;0;0;0;221;221;82;45;427;390;22;18;10;14;11;10;0;92687;136944;18463;205;989
03;0301;030150;1;2;1;1;1;42;15;24;10;36;33;23;8;12;12;0;0;0;0;0;0;9;5;0;0;0;0;0;0;0;0;0;0;0;0;0;0;0;0;0;0;0;0;60;60;0;0;206;143;11;8;0;0;0;6;2;25381;27689;6058;35;228
09;0901;090112;1;2;1;3;1;11;11;8;8;6;6;6;6;6;6;0;0;0;0;0;0;0;0;0;0;0;0;0;0;0;0;0;0;0;0;0;0;0;0;0;0;0;0;0;0;0;0;37;37;5;5;0;0;0;0;0;2561;13505;845;0;1
01;0101;010107;1;2;1;3;1;7;7;6;6;2;2;2;2;0;0;0;0;0;0;0;0;3;3;0;0;0;0;0;0;0;0;0;0;0;0;0;0;0;0;0;0;0;0;0;0;0;0;20;20;5;0;0;0;0;3;0;527;7300;194;2;1
11;1101;110103;1;2;1;1;1;55;55;50;50;51;51;44;44;30;28;0;0;0;0;0;0;0;0;0;0;0;0;0;0;0;0;0;0;12;12;0;0;0;0;0;0;0;0;0;0;0;0;242;240;27;12;0;0;0;0;0;44714;86827;8140;73;393
15;1501;150150;1;2;1;1;1;26;22;12;6;27;21;24;12;19;12;0;0;0;0;0;0;12;6;0;0;0;0;0;0;0;0;0;0;0;0;0;0;0;0;0;0;0;0;31;24;0;0;151;103;21;4;0;0;3;6;0;21022;44299;6133;23;111
24;2401;240102;1;2;1;1;1;20;20;29;29;22;22;15;15;10;10;0;0;0;0;0;0;0;0;0;0;0;0;0;0;0;0;0;0;0;0;0;0;0;0;0;0;0;0;0;0;0;0;96;96;9;7;0;0;6;9;13;18625;24564;3671;14;224
07;0701;070102;1;2;1;6;1;60;58;30;29;30;29;30;28;18;18;0;0;0;0;0;0;0;0;0;0;0;0;0;0;0;0;0;0;0;0;0;0;0;0;0;0;0;0;0;0;0;0;168;162;20;15;0;3;5;7;3;38985;58836;5687;52;513
11;1101;110104;1;2;1;6;1;10;10;19;19;16;16;13;13;10;10;5;5;4;4;3;3;15;15;0;0;2;2;2;2;5;5;5;5;0;0;2;2;5;5;3;3;1;1;9;9;0;0;129;129;13;12;0;6;3;12;2;28377;47085;5701;37;241
12;1201;120102;1;2;1;1;1;32;35;24;24;30;29;20;18;0;0;0;0;0;0;0;0;0;0;0;0;0;0;0;0;0;0;0;0;0;0;0;0;0;0;0;0;0;0;0;0;0;0;106;106;31;0;0;0;0;5;0;22404;38690;5555;19;56
09;0901;090112;1;2;1;1;1;45;34;35;23;0;0;15;15;0;0;0;0;0;0;0;0;0;0;24;24;0;0;0;0;0;0;0;0;0;0;0;0;0;0;0;0;0;0;0;0;0;0;119;96;31;0;0;0;0;18;17;25270;34821;4403;179;449
20;2001;200150;1;2;1;1;1;8;8;5;5;6;6;4;4;7;7;0;0;0;0;0;0;0;0;0;0;0;0;0;0;0;0;0;0;0;0;0;0;0;0;0;0;0;0;0;0;0;0;30;30;6;0;0;0;4;0;0;4576;10950;600;7;23
17;1701;170106;1;2;1;1;1;60;12;60;10;40;15;17;2;21;16;0;0;21;6;0;0;42;3;9;0;0;0;0;0;0;0;0;0;0;0;0;0;0;0;0;0;0;0;0;0;0;0;270;64;14;5;0;5;0;0;0;38238;52382;4983;75;700
13;1301;130101;1;2;1;6;1;27;27;10;10;11;11;20;20;9;9;8;8;6;6;2;2;4;4;2;2;0;0;3;3;2;2;5;5;0;0;2;2;4;4;1;1;1;1;20;20;0;0;137;137;19;9;0;2;0;9;0;28453;49275;4787;6;43
16;1601;160150;1;2;1;1;1;16;15;22;16;34;31;12;11;15;8;0;0;0;0;0;0;12;11;9;7;0;0;0;0;0;0;0;0;0;0;0;0;0;0;0;0;0;0;0;0;0;0;120;99;22;7;0;0;0;4;0;23442;35733;5888;18;96
06;0601;060104;1;2;1;1;1;50;50;52;50;72;64;25;25;15;15;0;0;0;0;0;0;0;0;0;0;0;0;0;0;0;0;0;0;6;0;0;0;0;0;0;0;0;0;0;0;0;0;220;204;16;5;0;0;4;16;4;38172;74460;9114;64;256
06;0601;060101;1;2;1;6;1;12;12;14;14;17;17;17;17;0;0;4;4;0;0;4;4;10;10;8;8;1;1;1;1;6;6;4;0;0;0;2;2;3;3;4;4;0;0;8;8;0;0;115;111;0;0;0;0;0;0;0;33391;57920;7577;134;285
13;1308;130802;1;2;1;1;1;33;33;16;16;35;34;15;15;15;15;0;0;0;0;0;0;6;6;7;7;0;0;0;0;0;0;0;0;6;6;0;0;0;0;0;0;0;0;0;0;0;0;133;132;14;7;0;4;6;4;5;32406;48278;6897;25;95
23;2301;230107;1;2;1;6;1;33;30;21;19;29;27;20;18;12;11;0;0;0;0;0;0;6;6;0;0;0;0;0;0;6;6;0;0;0;0;0;0;0;0;0;0;0;0;0;0;0;0;127;117;22;6;0;0;2;0;0;38722;48818;11169;123;355
07;0701;070102;1;2;1;1;1;52;53;30;19;47;17;41;15;16;12;0;0;0;0;0;0;20;14;0;0;0;0;0;0;0;0;0;0;8;6;0;0;0;0;0;0;0;0;0;0;0;0;214;136;16;6;0;0;0;0;0;37350;49187;6496;162;522
23;2301;230102;1;2;1;18;2;0;0;0;0;0;0;0;0;0;0;0;0;0;0;0;0;0;0;0;0;0;0;0;0;0;0;0;0;0;0;0;0;0;0;0;0;0;0;10;10;20;20;30;30;6;5;2;0;0;0;0;2434;10950;644;8;12
01;0101;010107;1;2;1;1;1;50;57;58;26;44;29;55;39;25;25;0;0;0;0;0;0;0;0;0;0;0;0;0;0;0;0;0;0;0;0;0;0;0;0;0;0;0;0;0;57;0;0;232;233;12;13;6;0;0;12;33;58630;64077;9647;89;475
07;0712;071201;1;4;1;1;1;0;0;0;0;38;38;0;0;20;20;0;0;0;0;0;0;0;0;0;0;0;0;0;0;0;0;0;0;0;0;0;0;0;0;0;0;0;0;0;0;0;0;58;58;7;2;0;6;0;2;12;12630;17155;3723;12;14
23;2301;230104;1;2;1;17;3;5;5;3;3;3;3;3;3;2;2;0;0;1;1;0;0;3;3;8;8;0;0;0;0;3;3;0;0;0;0;2;2;0;0;0;0;0;0;0;0;0;0;33;33;0;0;0;0;0;0;0;5155;12045;834;6;41
09;0901;090112;1;3;1;1;1;71;71;0;0;0;0;0;0;0;0;0;0;0;0;0;0;0;0;0;0;0;0;0;0;0;0;0;0;0;0;0;0;0;0;0;0;0;0;0;0;0;0;71;71;6;6;0;0;0;0;2;15594;25826;1597;26;165
09;0906;090601;1;1;5;18;2;0;0;0;0;0;0;0;0;0;0;0;0;0;0;0;0;0;0;0;0;0;0;0;0;0;0;0;0;0;0;0;0;0;0;0;0;0;0;0;0;10;10;10;10;3;0;0;0;0;2;0;71;3650;28;0;0
18;1801;180102;1;1;5;11;1;11;11;8;8;6;6;9;9;5;5;2;2;0;0;0;0;3;3;0;0;0;0;1;1;0;0;2;2;0;0;0;0;0;0;0;0;0;0;0;0;0;0;47;47;7;0;0;0;0;4;2;2661;17155;1103;1;3
11;1101;110104;1;8;2;15;3;0;0;19;22;0;0;6;2;0;0;0;0;0;0;0;0;0;0;6;2;0;0;0;0;0;0;0;0;0;0;0;0;0;0;55;40;0;0;5;5;0;0;91;71;2;2;0;0;0;5;5;10724;25515;2328;9;46
06;0601;060102;1;1;5;18;2;2;2;3;3;2;2;2;2;1;1;1;1;0;0;0;0;2;2;0;0;0;0;0;0;1;1;0;0;0;0;1;1;0;0;0;0;0;0;0;0;0;0;15;15;0;0;0;0;0;0;0;206;4590;130;0;0
08;0804;080455;2;12;3;18;2;0;0;0;0;0;0;0;0;0;0;0;0;0;0;0;0;0;0;0;0;0;0;0;0;0;0;0;0;0;0;0;0;0;0;0;0;0;0;0;0;12;12;12;12;2;0;0;0;0;3;0;28;4380;28;0;0
06;0601;060103;1;5;1;1;1;22;20;5;5;0;0;0;0;3;3;0;0;0;0;0;0;0;0;6;6;0;0;0;0;0;0;0;0;0;0;0;0;0;0;0;0;0;0;0;0;0;0;36;34;5;0;0;0;0;2;0;4336;11373;1021;0;3
06;0601;060101;1;1;5;18;2;4;4;6;6;0;0;0;0;1;1;0;0;0;0;0;0;0;0;0;0;0;0;0;0;0;0;0;0;0;0;0;0;0;0;0;0;0;0;0;0;11;11;22;22;3;3;0;0;3;1;0;2134;8030;1018;6;15
01;0101;010107;1;2;1;18;2;0;0;0;0;0;0;0;0;0;0;0;0;0;0;0;0;0;0;0;0;0;0;0;0;0;0;0;0;0;0;0;0;0;0;0;0;0;0;0;0;16;16;16;16;3;2;1;4;1;2;0;4213;5840;2537;4;9
01;0101;010112;1;2;1;18;2;0;0;0;0;0;0;0;0;0;0;0;0;0;0;0;0;0;0;0;0;0;0;0;0;0;0;0;0;0;0;0;0;0;0;0;0;0;0;0;0;60;60;60;60;9;4;4;11;0;6;0;13087;21900;4434;23;85
09;0901;090109;1;6;2;13;3;0;0;0;0;0;0;0;0;0;0;0;0;0;0;143;143;0;0;0;0;0;0;0;0;0;0;0;0;0;0;0;0;0;0;0;0;0;0;0;0;0;0;143;143;0;0;0;0;0;0;0;34080;52245;840;0;3
13;1301;130108;1;32;3;18;2;0;0;0;0;0;0;2;2;0;0;0;0;0;0;0;0;0;0;0;0;0;0;0;0;0;0;0;0;0;0;0;0;0;0;0;0;0;0;0;0;8;8;10;10;2;2;1;0;2;4;0;989;3650;309;2;1
17;1702;170202;1;1;5;17;3;0;0;4;4;4;4;1;1;0;0;0;0;0;0;0;0;0;0;0;0;0;0;0;0;0;0;0;0;0;0;0;0;0;0;0;0;0;0;0;0;3;3;12;12;0;0;0;0;0;0;0;423;4380;164;0;0
23;2301;230107;1;2;1;18;2;0;0;0;0;0;0;0;0;4;4;0;0;0;0;0;0;0;0;0;0;0;0;0;0;0;0;0;0;0;0;0;0;0;0;0;0;0;0;1;1;46;46;51;51;6;7;0;3;6;0;2;23617;18615;2309;16;117
10;1001;100104;1;12;3;18;2;0;0;0;0;0;0;0;0;3;3;0;0;0;0;0;0;0;0;0;0;0;0;0;0;0;0;0;0;0;0;0;0;0;0;0;0;0;0;0;0;25;21;28;24;7;3;0;2;1;3;0;1932;8760;1251;1;0
17;1701;170123;1;12;3;18;2;0;0;0;0;0;0;0;0;0;0;0;0;0;0;0;0;0;0;0;0;0;0;0;0;0;0;0;0;0;0;0;0;0;0;0;0;0;0;0;0;28;26;28;26;5;5;1;2;2;3;7;6789;10220;2952;5;15
09;0901;090112;1;11;1;18;2;5;5;10;10;14;14;39;39;1;1;18;18;8;8;5;5;3;3;3;3;0;0;0;0;0;0;0;0;0;0;0;0;0;0;0;0;0;0;0;0;0;0;106;106;9;0;0;0;0;0;0;24568;40597;6700;55;151
09;0910;091050;1;32;1;18;2;2;2;3;3;5;5;0;0;0;0;0;0;0;0;0;0;0;0;0;0;0;0;0;0;2;2;0;0;0;0;0;0;0;0;0;0;0;0;0;0;0;0;12;12;0;0;0;0;0;0;0;387;4380;272;0;0
06;0601;060101;1;1;5;18;2;0;0;0;0;0;0;0;0;0;0;0;0;0;0;0;0;0;0;0;0;0;0;0;0;0;0;0;0;0;0;0;0;0;0;0;0;0;0;0;0;4;3;4;3;2;0;0;0;0;1;0;56;980;41;0;0
13;1308;130802;1;11;1;18;2;0;0;0;0;0;0;0;0;0;0;21;21;0;0;0;0;0;0;0;0;0;0;0;0;0;0;0;0;0;0;0;0;0;0;0;0;0;0;0;0;0;0;21;21;0;0;0;0;0;0;0;7646;17520;1176;31;80
09;0904;090450;1;32;1;18;2;0;0;2;2;0;0;0;0;0;0;0;0;0;0;0;0;0;0;0;0;0;0;0;0;0;0;0;0;0;0;0;0;0;0;0;0;0;0;0;0;7;7;9;9;0;0;0;0;0;0;0;156;3285;156;0;0
13;1301;130102;1;8;2;15;3;0;0;31;31;0;0;20;19;0;0;0;0;0;0;0;0;0;0;0;0;0;0;0;0;0;0;0;0;0;0;0;0;0;0;0;0;0;0;95;86;0;0;146;136;10;7;0;0;0;0;19;33931;49129;5491;24;149
09;0901;090112;1;8;2;15;3;0;0;29;29;0;0;35;32;0;0;0;0;0;0;0;0;0;0;0;0;0;0;0;0;0;0;0;0;0;0;0;0;0;0;26;26;17;17;43;42;8;8;158;154;15;11;4;0;10;10;0;33529;54734;6667;29;174
17;1701;170129;1;8;2;15;3;0;0;47;51;0;0;42;42;0;0;0;0;0;0;0;0;0;0;6;6;0;0;0;0;0;0;0;0;0;0;0;0;0;0;32;32;0;0;12;12;0;0;139;143;0;10;0;0;0;8;0;31965;52100;6389;35;123
13;1314;131401;1;1;5;18;2;12;12;6;6;6;6;3;3;3;3;0;0;0;0;0;0;0;0;0;0;0;0;0;0;0;0;0;0;0;0;0;0;0;0;0;0;0;0;0;0;0;0;30;30;0;0;0;0;0;0;0;141;10950;75;0;0
23;2301;230106;1;32;1;18;2;0;0;1;1;1;1;1;1;1;1;0;0;0;0;0;0;0;0;0;0;0;0;0;0;0;0;0;0;0;0;0;0;0;0;0;0;0;0;0;0;7;7;11;11;0;0;0;0;0;0;0;197;4015;173;0;0
18;1801;180156;2;8;2;15;3;0;0;0;0;0;0;0;0;0;0;0;0;0;0;0;0;0;0;0;0;0;0;0;0;0;0;0;0;0;0;0;0;0;0;0;0;0;0;56;56;0;0;56;56;0;4;0;0;0;0;0;6137;20440;1641;4;33
09;0901;090101;1;4;1;17;3;2;2;4;4;21;21;0;0;7;7;0;0;0;0;0;0;0;0;0;0;0;0;0;0;0;0;0;0;0;0;0;0;0;0;0;0;0;0;0;0;0;0;34;34;0;0;0;0;0;0;2;2985;12410;1864;0;0
09;0914;091452;2;32;1;17;3;0;0;0;0;0;0;0;0;0;0;0;0;0;0;0;0;0;0;0;0;0;0;0;0;0;0;0;0;0;0;0;0;0;0;0;0;0;0;0;0;7;7;7;7;0;0;0;0;0;0;0;86;2555;58;0;0
14;1401;140150;1;1;5;6;1;5;5;4;4;4;4;5;5;0;0;0;0;0;0;0;0;2;2;0;0;0;0;0;0;2;2;0;0;0;0;0;0;0;0;0;0;0;0;0;0;0;0;22;22;5;0;0;0;0;3;0;1729;8030;520;2;7
17;1701;170117;1;1;5;11;1;0;0;0;0;0;0;0;0;0;0;0;0;100;65;0;0;0;0;0;0;0;0;0;0;0;0;0;0;0;0;0;0;0;0;0;0;0;0;0;0;0;0;100;65;0;0;0;0;0;0;0;10014;23620;1230;0;34
17;1701;170151;2;11;1;17;3;0;0;0;0;0;0;0;0;0;0;0;0;0;0;70;59;0;0;0;0;0;0;0;0;0;0;0;0;0;0;0;0;0;0;0;0;0;0;110;78;0;0;180;137;1;0;0;0;0;0;13;48427;63145;453;2;59
11;1101;110103;1;4;1;11;1;0;0;0;0;9;9;0;0;2;2;0;0;0;0;0;0;0;0;0;0;0;0;0;0;0;0;0;0;0;0;0;0;0;0;0;0;0;0;0;0;0;0;11;11;0;0;0;0;0;0;0;498;4015;369;0;0
09;0901;090102;1;1;5;18;2;0;0;0;0;0;0;0;0;2;2;0;0;0;0;0;0;0;0;0;0;0;0;0;0;0;0;0;0;0;0;0;0;0;0;0;0;0;0;0;0;14;14;16;16;0;0;0;0;0;0;0;1186;5840;1167;0;0
17;1701;170127;1;12;3;17;3;0;0;11;10;0;0;0;0;0;0;0;0;0;0;0;0;0;0;0;0;0;0;0;0;0;0;0;0;0;0;0;0;0;0;0;0;0;0;0;0;0;0;11;10;0;0;0;0;0;0;0;753;3739;448;0;0
09;0901;090112;1;32;1;18;2;5;5;2;2;3;3;1;1;0;0;0;0;0;0;0;0;0;0;0;0;0;0;0;0;0;0;0;0;0;0;0;0;0;0;0;0;0;0;0;0;0;0;11;11;2;1;1;0;2;0;0;185;2555;85;0;0
17;1701;170121;1;12;3;18;2;0;0;0;0;0;0;0;0;0;0;0;0;0;0;0;0;0;0;0;0;0;0;0;0;0;0;0;0;0;0;0;0;0;0;0;0;0;0;0;0;10;10;10;10;0;0;0;0;0;2;0;557;4745;386;0;1
12;1201;120102;1;2;1;18;2;0;0;0;0;0;0;0;0;0;0;0;0;0;0;0;0;0;0;0;0;0;0;0;0;0;0;0;0;0;0;0;0;0;0;0;0;0;0;0;0;14;14;14;14;1;0;0;0;0;2;0;734;5110;732;0;0
17;1701;170131;1;12;3;18;2;0;0;0;0;0;0;0;0;0;0;0;0;0;0;0;0;0;0;0;0;0;0;0;0;0;0;0;0;0;0;0;0;0;0;0;0;0;0;0;0;8;8;8;8;0;0;0;0;0;0;0;990;2920;634;1;1
18;1801;180101;1;1;5;17;3;10;10;21;21;18;18;15;15;12;12;7;7;10;10;22;22;14;14;10;10;12;12;12;12;1;1;3;3;0;0;1;1;0;0;0;0;0;0;0;0;14;14;182;182;4;2;0;0;0;0;0;1089;66430;426;3;10
04;0401;040101;1;12;3;18;2;0;0;0;0;0;0;0;0;0;0;0;0;0;0;0;0;0;0;0;0;0;0;0;0;0;0;0;0;0;0;0;0;0;0;0;0;0;0;0;0;7;7;7;7;1;0;0;0;0;0;0;489;2555;372;0;0
07;0701;070104;1;2;1;18;2;5;5;4;4;8;8;5;5;12;12;2;2;2;2;0;0;4;4;3;3;0;0;2;2;2;2;1;1;0;0;0;0;0;0;0;0;0;0;0;0;0;0;50;50;2;8;0;0;0;0;0;11894;18250;1447;10;108
09;0901;090106;1;1;5;18;2;0;0;0;0;1;0;1;1;1;1;0;0;0;0;0;0;0;0;0;0;0;0;0;0;0;0;0;0;0;0;0;0;0;0;0;0;0;0;0;0;1;1;4;3;0;0;0;0;0;0;1;1;1095;1;0;0
09;0901;090102;1;4;1;18;2;0;0;0;0;40;20;30;15;0;0;0;0;0;0;0;0;0;0;0;0;0;0;0;0;0;0;0;0;0;0;0;0;0;0;0;0;0;0;0;0;35;35;105;70;2;2;0;0;1;0;0;148;12810;126;0;0
23;2301;230107;1;2;1;18;2;6;6;6;6;6;6;4;4;3;3;0;0;0;0;0;0;4;4;3;3;1;1;1;1;0;0;0;0;0;0;0;0;0;0;0;0;0;0;0;0;0;0;34;34;7;2;2;2;1;3;2;2765;12410;936;5;14
09;0910;091050;1;12;3;18;2;0;0;0;0;1;1;1;1;2;2;0;0;0;0;0;0;0;0;0;0;0;0;0;0;0;0;0;0;0;0;0;0;0;0;0;0;0;0;0;0;2;2;6;6;0;0;0;0;0;0;0;291;2190;170;0;1
17;1701;170127;1;1;5;18;2;0;0;0;0;0;0;0;0;0;0;0;0;0;0;0;0;0;0;0;0;0;0;0;0;0;0;0;0;0;0;0;0;0;0;0;0;0;0;0;0;11;11;11;11;3;0;0;0;0;4;0;3961;4015;2532;2;0
01;0101;010101;1;12;3;18;2;6;6;3;3;5;5;0;0;0;0;0;0;0;0;0;0;0;0;0;0;0;0;0;0;0;0;0;0;0;0;0;0;0;0;0;0;0;0;0;0;0;0;14;14;0;0;0;0;0;0;0;2036;5110;979;1;10
09;0901;090105;1;32;1;18;2;1;1;1;1;0;0;1;1;0;0;0;0;0;0;0;0;0;0;1;1;0;0;0;0;0;0;0;0;0;0;0;0;0;0;0;0;0;0;0;0;4;4;8;8;0;0;0;0;0;0;1;177;2920;177;6;0
09;0910;091050;1;32;1;18;2;0;0;0;0;0;0;0;0;0;0;0;0;0;0;0;0;0;0;0;0;0;0;0;0;0;0;0;0;0;0;0;0;0;0;0;0;0;0;0;0;15;15;15;15;0;0;0;0;0;0;0;645;5475;300;0;0
01;0101;010103;1;1;5;18;2;0;0;0;0;0;0;0;0;0;0;0;0;0;0;0;0;0;0;0;0;0;0;0;0;0;0;0;0;0;0;0;0;0;0;0;0;0;0;0;0;20;20;20;20;3;0;0;0;1;2;3;1996;7280;1219;0;4
03;0301;030102;1;1;5;18;2;0;0;0;0;0;0;0;0;0;0;0;0;0;0;0;0;0;0;0;0;0;0;0;0;0;0;0;0;0;0;0;0;0;0;0;0;0;0;0;0;11;11;11;11;2;0;0;0;0;1;1;2030;4015;1096;2;4
17;1701;170103;1;12;3;18;2;22;22;22;22;0;0;0;0;0;0;3;3;22;22;0;0;22;22;4;4;0;0;0;0;22;22;22;22;0;0;22;22;22;22;0;0;0;0;22;17;0;0;205;200;3;12;0;0;3;2;0;11781;72801;1376;31;399
09;0901;090104;1;32;1;18;2;0;0;0;0;0;0;0;0;0;0;0;0;0;0;0;0;0;0;0;0;0;0;0;0;0;0;0;0;0;0;0;0;0;0;0;0;0;0;0;0;13;13;13;13;0;0;0;0;0;0;0;23;4745;23;0;0
17;1701;170124;1;12;3;18;2;0;0;0;0;0;0;0;0;0;0;0;0;0;0;0;0;0;0;0;0;0;0;0;0;0;0;0;0;0;0;0;0;0;0;0;0;0;0;0;0;30;30;30;30;0;0;0;0;0;0;0;11563;10890;1945;18;69
24;2401;240102;1;1;5;17;3;7;7;3;3;8;8;8;8;0;0;0;0;0;0;0;0;0;0;0;0;0;0;0;0;0;0;0;0;0;0;0;0;0;0;0;0;0;0;0;0;0;0;26;26;0;0;0;0;0;0;0;726;9490;559;0;1
09;0916;091650;1;1;5;18;2;6;6;1;1;2;2;0;0;1;1;0;0;0;0;0;0;0;0;0;0;0;0;0;0;0;0;0;0;0;0;0;0;0;0;0;0;0;0;0;0;0;0;10;10;0;0;0;0;0;0;0;766;3650;363;0;1
09;0901;090105;1;1;5;18;2;0;0;0;0;0;0;0;0;0;0;0;0;0;0;0;0;0;0;0;0;0;0;0;0;0;0;0;0;0;0;0;0;0;0;0;0;0;0;0;0;11;11;11;11;0;0;0;0;0;0;0;2078;4015;2042;1;0
10;1002;100202;1;12;3;18;2;0;0;0;0;0;0;0;0;0;0;0;0;0;0;0;0;0;0;0;0;0;0;0;0;0;0;0;0;0;0;0;0;0;0;0;0;0;0;0;0;7;7;7;7;0;0;0;0;0;0;0;490;2555;198;1;2
15;1501;150150;1;12;3;18;2;0;0;0;0;0;0;0;0;0;0;0;0;0;0;0;0;0;0;0;0;0;0;0;0;0;0;0;0;0;0;0;0;0;0;0;0;0;0;0;0;2;2;2;2;1;0;0;0;0;0;0;179;730;99;1;0
17;1701;170114;1;12;3;18;2;0;0;0;0;0;0;0;0;2;2;0;0;0;0;0;0;0;0;0;0;0;0;0;0;0;0;0;0;0;0;0;0;0;0;0;0;0;0;0;0;7;7;9;9;0;0;0;0;0;0;0;1061;3285;686;2;3
09;0907;090702;1;12;3;18;2;0;0;2;2;2;2;0;0;0;0;0;0;0;0;0;0;0;0;0;0;0;0;0;0;0;0;0;0;0;0;0;0;0;0;0;0;0;0;0;0;0;0;4;4;0;0;0;0;0;0;0;113;1460;100;0;0
09;0904;090450;1;11;1;18;2;0;0;0;0;0;0;4;4;0;0;0;0;0;0;0;0;0;0;0;0;0;0;0;0;0;0;0;0;0;0;0;0;0;0;0;0;0;0;0;0;10;10;14;14;0;0;0;0;0;0;1;339;5110;192;0;1
13;1322;132250;1;1;5;18;2;4;4;4;4;3;3;3;3;0;0;0;0;0;0;0;0;0;0;0;0;0;0;0;0;0;0;0;0;0;0;0;0;0;0;0;0;0;0;0;0;0;0;14;14;0;0;0;0;0;0;0;108;5116;60;0;0
14;1401;140150;1;12;3;18;2;0;0;0;0;0;0;0;0;0;0;0;0;0;0;0;0;0;0;0;0;0;0;0;0;0;0;0;0;0;0;0;0;0;0;0;0;0;0;0;0;8;8;8;8;3;0;0;0;1;1;0;562;2920;422;3;0
17;1701;170121;1;12;3;18;2;0;0;0;0;0;0;0;0;0;0;0;0;0;0;0;0;0;0;0;0;0;0;0;0;0;0;0;0;0;0;0;0;0;0;0;0;0;0;0;0;9;9;9;9;1;0;0;0;0;1;0;396;3393;271;0;0
17;1701;170112;1;12;3;18;2;0;0;0;0;24;22;0;0;17;17;0;0;0;0;0;0;0;0;0;0;0;0;0;0;0;0;0;0;0;0;0;0;0;0;0;0;0;0;0;0;0;0;41;39;0;0;0;0;0;0;0;3630;14142;1973;0;2
13;1303;130301;1;32;1;18;2;1;1;2;2;2;2;0;0;0;0;0;0;0;0;0;0;0;0;0;0;0;0;0;0;0;0;0;0;0;0;0;0;0;0;0;0;0;0;0;0;0;0;5;5;0;0;0;0;0;0;0;137;1825;137;0;0
09;0906;090650;1;1;5;18;2;0;0;0;0;0;0;0;0;0;0;0;0;0;0;0;0;0;0;0;0;0;0;0;0;0;0;0;0;0;0;0;0;0;0;0;0;0;0;0;0;15;15;15;15;0;0;0;0;0;0;0;443;5475;439;0;0
09;0901;090111;1;32;1;18;2;0;0;0;0;0;0;0;0;0;0;0;0;0;0;0;0;0;0;0;0;0;0;0;0;0;0;0;0;0;0;0;0;0;0;0;0;0;0;0;0;7;7;7;7;0;0;0;0;0;0;0;349;2534;194;0;1
17;1705;170550;1;12;3;18;2;0;0;0;0;0;0;0;0;0;0;0;0;0;0;0;0;0;0;0;0;0;0;0;0;0;0;0;0;0;0;0;0;0;0;0;0;0;0;0;0;16;16;16;16;0;0;0;0;0;0;0;5357;5840;1640;11;40
08;0804;080450;1;12;3;18;2;0;0;0;0;0;0;0;0;0;0;0;0;0;0;0;0;0;0;0;0;0;0;0;0;0;0;0;0;0;0;0;0;0;0;0;0;0;0;0;0;12;12;12;12;2;0;0;0;0;2;0;134;4380;134;0;0
09;0901;090103;1;1;5;18;2;0;0;0;0;0;0;0;0;0;0;0;0;0;0;0;0;5;5;0;0;0;0;0;0;0;0;0;0;0;0;0;0;0;0;0;0;0;0;0;0;12;12;17;17;0;0;0;0;0;0;1;900;6205;470;2;1
01;0101;010105;1;1;5;18;2;11;11;0;0;0;0;0;0;0;0;0;0;0;0;0;0;0;0;0;0;0;0;0;0;0;0;0;0;0;0;0;0;0;0;0;0;0;0;0;0;0;0;11;11;1;0;0;0;0;2;0;1187;4015;635;5;5
09;0901;090102;1;32;1;18;2;3;3;3;3;5;5;0;0;0;0;0;0;0;0;0;0;0;0;0;0;0;0;0;0;0;0;0;0;0;0;0;0;0;0;0;0;0;0;0;0;0;0;11;11;0;0;0;0;0;0;1;1053;3674;1045;0;0
09;0901;090104;1;32;1;18;2;0;0;0;0;5;5;0;0;0;0;0;0;0;0;0;0;0;0;0;0;0;0;0;0;0;0;0;0;0;0;0;0;0;0;0;0;0;0;0;0;0;0;5;5;0;0;0;0;0;0;0;597;1825;596;0;0
09;0901;090114;1;32;1;18;2;0;0;0;0;0;0;0;0;0;0;0;0;0;0;0;0;0;0;0;0;0;0;0;0;0;0;0;0;0;0;0;0;0;0;0;0;0;0;0;0;10;10;10;10;0;0;0;0;0;0;0;665;3650;319;0;0
09;0910;091050;1;32;1;18;2;8;8;2;2;0;0;1;1;0;0;0;0;0;0;0;0;0;0;0;0;0;0;0;0;0;0;0;0;0;0;0;0;0;0;0;0;0;0;0;0;2;2;13;13;0;0;0;0;0;0;0;359;4745;348;0;0
13;1301;130102;1;1;5;18;2;4;4;2;2;2;2;1;1;0;0;1;1;0;0;0;0;0;0;0;0;0;0;0;0;0;0;0;0;0;0;0;0;0;0;0;0;0;0;0;0;0;0;10;10;2;0;0;0;0;2;0;531;3650;530;0;0
09;0901;090112;1;32;1;18;2;0;0;0;0;0;0;0;0;0;0;0;0;0;0;0;0;0;0;0;0;0;0;0;0;0;0;0;0;0;0;0;0;0;0;0;0;0;0;0;0;10;10;10;10;0;0;0;0;0;0;0;286;3650;123;0;0
07;0707;070701;1;12;3;18;2;0;0;0;0;0;0;0;0;0;0;0;0;0;0;0;0;0;0;0;0;0;0;0;0;0;0;0;0;0;0;0;0;0;0;0;0;0;0;0;0;5;5;5;5;0;0;0;0;0;0;0;92;1825;67;0;0
03;0301;030102;1;1;5;18;2;0;0;0;0;0;0;0;0;0;0;0;0;0;0;0;0;0;0;0;0;0;0;0;0;0;0;0;0;0;0;0;0;0;0;0;0;0;0;0;0;11;11;11;11;2;0;0;0;2;2;0;2455;4015;1100;13;11
17;1701;170127;1;12;3;18;2;0;0;0;0;0;0;0;0;0;0;0;0;0;0;0;0;0;0;0;0;0;0;0;0;0;0;0;0;0;0;0;0;0;0;0;0;0;0;0;0;13;13;13;13;6;2;0;2;1;3;0;1710;4745;988;3;12
17;1701;170112;1;12;3;18;2;0;0;0;0;0;0;2;2;0;0;0;0;0;0;0;0;0;0;0;0;0;0;0;0;0;0;0;0;0;0;0;0;0;0;0;0;0;0;0;0;10;10;12;12;0;0;0;0;0;0;0;981;4380;515;3;1
07;0701;070102;1;1;5;18;2;0;0;0;0;0;0;0;0;0;0;0;0;0;0;0;0;0;0;0;0;0;0;0;0;0;0;0;0;0;0;0;0;0;0;0;0;0;0;0;0;11;11;11;11;2;1;1;2;2;2;0;975;4015;394;2;5
07;0701;070101;1;1;5;18;2;0;0;0;0;0;0;0;0;0;0;0;0;0;0;0;0;0;0;0;0;0;0;0;0;0;0;0;0;0;0;0;0;0;0;0;0;0;0;0;0;7;7;7;7;0;0;0;0;0;0;2;553;2555;489;0;2
09;0901;090112;1;32;1;18;2;0;0;0;0;0;0;0;0;0;0;0;0;0;0;0;0;0;0;0;0;0;0;0;0;0;0;0;0;0;0;0;0;0;0;0;0;0;0;0;0;10;10;10;10;0;0;0;0;0;0;0;14;3650;5;1;0
17;1701;170115;1;12;3;18;2;0;0;0;0;0;0;0;0;0;0;0;0;0;0;0;0;0;0;0;0;0;0;0;0;0;0;0;0;0;0;0;0;0;0;0;0;0;0;1;1;8;8;9;9;0;0;0;0;0;0;0;457;3285;234;0;1
17;1701;170103;1;12;3;18;2;0;0;0;0;0;0;0;0;0;0;0;0;0;0;0;0;0;0;0;0;0;0;0;0;0;0;0;0;0;0;0;0;0;0;0;0;0;0;0;0;23;23;23;23;0;23;0;0;0;0;0;4038;7901;447;13;113
09;0910;091050;1;32;1;18;2;0;0;0;0;9;9;0;0;0;0;0;0;0;0;0;0;0;0;0;0;0;0;0;0;0;0;0;0;0;0;0;0;0;0;0;0;0;0;0;0;0;0;9;9;0;0;0;0;0;0;0;756;3285;756;0;0
13;1308;130850;1;2;1;18;2;5;5;2;2;2;2;0;0;0;0;0;0;0;0;0;0;1;1;0;0;0;0;0;0;2;2;0;0;0;0;0;0;0;0;0;0;0;0;0;0;0;0;12;12;0;5;0;0;0;0;0;5493;4380;627;11;34
09;0901;090107;1;32;1;18;2;0;0;0;0;0;0;0;0;0;0;0;0;0;0;0;0;0;0;0;0;0;0;0;0;0;0;0;0;0;0;0;0;0;0;0;0;0;0;0;0;6;6;6;6;0;0;0;0;0;0;0;37;2190;29;0;0
09;0901;090102;1;32;1;18;2;0;0;0;0;0;0;0;0;0;0;0;0;0;0;0;0;0;0;0;0;0;0;0;0;0;0;0;0;0;0;0;0;0;0;0;0;0;0;0;0;14;14;14;14;0;0;0;0;0;0;0;32;5110;30;0;0
09;0911;091150;1;32;1;18;2;0;0;0;0;3;3;0;0;0;0;0;0;0;0;0;0;0;0;0;0;0;0;0;0;0;0;0;0;0;0;0;0;0;0;0;0;0;0;0;0;2;2;5;5;0;0;0;0;0;0;0;691;1825;370;0;1
09;0901;090112;1;32;1;18;2;0;0;0;0;0;0;0;0;0;0;0;0;0;0;0;0;0;0;0;0;0;0;0;0;0;0;0;0;0;0;0;0;0;0;0;0;0;0;0;0;13;13;13;13;0;0;0;0;0;0;0;163;4745;104;0;0
09;0914;091450;1;32;1;17;3;0;0;0;0;0;0;0;0;0;0;0;0;0;0;0;0;0;0;0;0;0;0;0;0;0;0;0;0;0;0;0;0;0;0;0;0;0;0;0;0;8;8;8;8;0;0;0;0;0;0;0;48;2920;48;0;0
07;0701;070101;1;1;5;18;2;0;0;0;0;0;0;0;0;0;0;0;0;0;0;0;0;0;0;0;0;0;0;0;0;0;0;0;0;0;0;0;0;0;0;0;0;0;0;0;0;18;18;18;18;3;0;0;0;0;0;0;2813;6570;1676;0;0
07;0706;070650;1;12;3;18;2;0;0;0;0;3;3;0;0;0;0;0;0;0;0;0;0;0;0;0;0;0;0;0;0;0;0;0;0;0;0;0;0;0;0;0;0;0;0;0;0;3;3;6;6;1;0;0;0;0;0;0;66;2190;66;0;0
07;0701;070102;1;1;5;18;2;0;0;2;2;5;4;0;0;2;2;0;0;0;0;0;0;0;0;0;0;0;0;0;0;0;0;0;0;0;0;0;0;0;0;0;0;0;0;0;0;1;1;10;9;2;0;0;0;0;2;0;58;3344;38;0;0
01;0101;010110;1;2;1;18;2;0;0;0;0;0;0;0;0;0;0;0;0;0;0;0;0;0;0;0;0;0;0;0;0;0;0;0;0;0;0;0;0;0;0;0;0;0;0;0;0;10;10;10;10;6;4;0;7;0;2;2;1833;3650;964;0;11
07;0707;070701;1;1;5;18;2;2;2;0;0;0;0;1;1;0;0;0;0;0;0;0;0;0;0;0;0;0;0;0;0;0;0;0;0;0;0;0;0;0;0;0;0;0;0;0;0;3;3;6;6;0;0;0;0;0;0;0;108;2190;59;0;1
09;0901;090114;1;32;1;18;2;7;7;0;0;0;0;0;0;0;0;0;0;0;0;0;0;0;0;0;0;0;0;0;0;0;0;0;0;0;0;0;0;0;0;0;0;0;0;0;0;0;0;7;7;0;0;0;0;0;0;0;234;2555;93;0;0
09;0901;090112;1;1;5;18;2;0;0;0;0;0;0;0;0;0;0;0;0;0;0;0;0;0;0;0;0;0;0;0;0;0;0;0;0;0;0;0;0;0;0;0;0;0;0;0;0;45;45;45;45;11;20;5;35;5;7;0;1798;16425;1494;0;0
07;0701;070104;1;12;3;18;2;2;2;1;1;2;2;0;0;0;0;0;0;0;0;0;0;0;0;0;0;0;0;0;0;0;0;0;0;0;0;0;0;0;0;0;0;0;0;0;0;0;0;5;5;0;0;0;0;0;0;0;212;1830;212;1;0
09;0920;092056;2;32;1;18;2;8;8;1;1;1;1;0;0;1;1;0;0;0;0;0;0;0;0;0;0;0;0;0;0;0;0;0;0;0;0;0;0;0;0;0;0;0;0;0;0;0;0;11;11;0;0;0;0;0;0;0;313;4015;292;0;0
12;1201;120102;1;32;1;18;2;6;6;0;0;0;0;0;0;0;0;0;0;0;0;0;0;0;0;0;0;0;0;0;0;0;0;0;0;0;0;0;0;0;0;0;0;0;0;0;0;0;0;6;6;0;0;0;0;0;0;1;57;2190;51;0;0
06;0601;060101;1;12;3;18;2;0;0;0;0;0;0;0;0;4;4;0;0;0;0;0;0;1;1;0;0;0;0;0;0;0;0;0;0;0;0;0;0;0;0;0;0;0;0;0;0;15;15;20;20;0;0;0;0;0;0;0;495;7300;249;4;5
11;1101;110102;1;1;5;18;2;0;0;0;0;0;0;1;1;2;0;0;0;0;0;0;0;0;0;0;0;0;0;0;0;0;0;0;0;0;0;0;0;0;0;0;0;0;0;0;0;10;9;13;10;1;3;0;0;0;2;0;2055;3619;784;5;15
09;0901;090112;1;1;5;18;2;0;0;1;1;0;0;0;0;0;0;0;0;0;0;0;0;0;0;0;0;0;0;0;0;0;0;0;0;0;0;0;0;0;0;0;0;0;0;0;0;8;8;9;9;0;0;0;0;0;0;1;222;3285;219;0;0
09;0901;090112;1;1;5;18;2;0;0;3;3;1;1;1;1;0;0;0;0;0;0;0;0;4;4;0;0;0;0;0;0;0;0;0;0;0;0;0;0;0;0;0;0;0;0;0;0;0;0;9;9;4;0;0;0;0;0;1;753;3285;376;0;0
09;0904;090450;1;1;5;18;2;2;2;1;1;2;2;1;1;0;0;0;0;0;0;0;0;0;0;0;0;0;0;0;0;0;0;0;0;0;0;0;0;0;0;0;0;0;0;0;0;0;0;6;6;0;0;0;0;0;0;0;170;2190;170;0;0
11;1101;110104;1;1;5;18;2;0;0;0;0;0;0;0;0;3;3;0;0;0;0;0;0;0;0;0;0;0;0;0;0;0;0;0;0;0;0;0;0;0;0;0;0;0;0;0;0;12;12;15;15;2;3;0;0;0;0;0;1668;5475;647;2;4
17;1701;170114;1;16;2;18;2;0;0;0;0;0;0;0;0;0;0;0;0;0;0;38;35;0;0;0;0;0;0;0;0;0;0;0;0;0;0;0;0;0;0;0;0;0;0;0;0;0;0;38;35;0;0;0;0;0;0;0;35533;13870;325;0;0
17;1701;170101;1;12;3;18;2;0;0;0;0;0;0;0;0;0;0;0;0;0;0;26;26;0;0;0;0;0;0;0;0;0;0;0;0;0;0;0;0;0;0;0;0;0;0;83;83;0;0;109;109;0;0;0;0;0;0;0;19339;39785;286;0;63
09;0901;090106;1;1;5;18;2;0;0;0;0;0;0;0;0;0;0;0;0;0;0;0;0;0;0;0;0;0;0;0;0;0;0;0;0;0;0;0;0;0;0;0;0;0;0;0;0;10;10;10;10;0;0;0;0;0;0;0;335;3650;86;0;1
17;1701;170121;1;12;3;18;2;0;0;0;0;0;0;0;0;2;0;0;0;0;0;0;0;0;0;0;0;0;0;0;0;0;0;0;0;0;0;0;0;0;0;0;0;0;0;0;0;12;2;14;2;0;5;0;0;0;0;0;324;708;53;0;3
17;1701;170113;1;12;3;18;2;0;0;0;0;0;0;0;0;0;0;0;0;0;0;0;0;0;0;0;0;0;0;0;0;0;0;0;0;0;0;0;0;0;0;0;0;0;0;0;0;20;17;20;17;0;0;0;0;0;0;0;2444;6240;1312;0;0
08;0801;080103;1;12;3;18;2;0;0;0;0;0;0;0;0;1;1;0;0;0;0;0;0;0;0;0;0;0;0;0;0;0;0;0;0;0;0;0;0;0;0;0;0;0;0;0;0;10;10;11;11;0;1;0;0;1;0;0;263;4015;191;0;0
07;0701;070102;1;1;5;18;2;3;3;5;5;2;2;0;0;0;0;0;0;0;0;0;0;0;0;0;0;0;0;0;0;0;0;0;0;0;0;0;0;0;0;0;0;0;0;0;0;0;0;10;10;0;0;0;0;1;1;0;133;3650;66;0;0
17;1701;170124;1;12;3;18;2;0;0;0;0;0;0;0;0;8;8;0;0;0;0;0;0;0;0;0;0;0;0;0;0;0;0;0;0;0;0;0;0;0;0;0;0;0;0;0;0;10;10;18;18;0;0;0;0;0;0;0;1405;6570;1307;1;0
23;2301;230101;1;32;1;18;2;0;0;0;0;5;5;0;0;0;0;0;0;0;0;0;0;0;0;0;0;0;0;0;0;0;0;0;0;0;0;0;0;0;0;0;0;0;0;0;0;0;0;5;5;0;0;0;0;0;0;0;140;1825;140;0;0
09;0901;090112;1;1;5;18;2;0;0;0;0;0;0;0;0;0;0;0;0;0;0;0;0;0;0;0;0;0;0;0;0;0;0;0;0;0;0;0;0;0;0;0;0;0;0;0;0;24;24;24;24;4;0;0;0;0;0;24;6989;8760;2721;0;1
06;0601;060101;1;12;3;18;2;1;1;2;2;1;1;2;2;1;1;1;1;0;0;0;0;1;1;1;1;0;0;0;0;0;0;0;0;0;0;0;0;0;0;0;0;0;0;0;0;0;0;10;10;1;1;0;0;1;1;0;414;3650;239;1;3
09;0907;090701;1;32;1;18;2;9;9;0;0;0;0;0;0;3;3;0;0;0;0;0;0;0;0;0;0;0;0;0;0;0;0;0;0;0;0;0;0;0;0;0;0;0;0;0;0;0;0;12;12;0;0;0;0;0;0;0;87;4380;54;0;0
08;0804;080450;1;12;3;18;2;0;0;0;0;0;0;0;0;0;0;0;0;0;0;0;0;0;0;0;0;0;0;0;0;0;0;0;0;0;0;0;0;0;0;0;0;0;0;0;0;11;11;11;11;3;0;0;0;0;0;2;530;4015;288;0;0
17;1701;170101;1;12;3;18;2;0;0;0;0;0;0;0;0;0;0;0;0;0;0;0;0;0;0;0;0;0;0;0;0;0;0;0;0;0;0;0;0;0;0;0;0;0;0;0;0;10;10;10;10;0;0;0;0;0;0;0;1175;3650;633;0;0
13;1301;130108;1;17;1;18;2;2;2;0;0;3;3;4;4;0;0;2;2;0;0;0;0;2;2;2;2;0;0;0;0;2;2;2;2;0;0;0;0;0;0;0;0;0;0;0;0;0;0;19;19;6;7;5;4;2;3;1;5715;8760;2911;24;23
09;0906;090601;1;1;5;18;2;4;4;0;0;8;8;0;0;0;0;0;0;0;0;0;0;0;0;0;0;0;0;0;0;0;0;0;0;0;0;0;0;0;0;0;0;0;0;0;0;0;0;12;12;0;0;0;0;0;0;0;846;4380;841;0;0
09;0901;090101;1;2;1;18;2;0;0;3;3;0;0;0;0;0;0;0;0;0;0;0;0;0;0;0;0;0;0;0;0;0;0;0;0;0;0;0;0;0;0;0;0;0;0;0;0;12;12;15;15;3;0;0;0;0;0;1;1190;5475;636;5;9
11;1101;110101;1;1;5;18;2;0;0;0;0;0;0;0;0;2;2;0;0;0;0;0;0;0;0;0;0;0;0;0;0;0;0;0;0;0;0;0;0;0;0;0;0;0;0;0;0;15;15;17;17;5;6;0;0;3;1;0;2321;6205;886;2;22
09;0901;090108;1;1;5;18;2;0;0;0;0;0;0;0;0;0;0;0;0;0;0;0;0;0;0;0;0;0;0;0;0;0;0;0;0;0;0;0;0;0;0;0;0;0;0;0;0;8;8;8;8;0;0;0;0;0;0;0;265;2920;183;0;0
11;1101;110102;1;1;5;18;2;0;0;0;0;0;0;0;0;0;0;0;0;4;4;0;0;0;0;0;0;0;0;0;0;0;0;0;0;0;0;0;0;0;0;0;0;0;0;0;0;15;15;19;19;3;3;0;0;0;1;0;2122;6935;818;1;24
01;0103;010350;1;1;5;18;2;0;0;0;0;0;0;0;0;0;0;0;0;0;0;0;0;0;0;0;0;0;0;0;0;0;0;0;0;0;0;0;0;0;0;0;0;0;0;0;0;8;8;8;8;1;0;0;0;0;1;1;1083;2920;617;0;0
11;1101;110104;1;1;5;18;2;0;0;0;0;0;0;0;0;0;0;0;0;0;0;0;0;0;0;0;0;0;0;0;0;0;0;0;0;0;0;0;0;0;0;0;0;0;0;0;0;12;12;12;12;1;2;2;0;2;1;1;249;4380;214;1;0
23;2301;230107;1;32;1;18;2;0;0;0;0;6;6;0;0;0;0;0;0;0;0;0;0;0;0;0;0;0;0;0;0;0;0;0;0;0;0;0;0;0;0;0;0;0;0;0;0;0;0;6;6;0;0;0;0;0;0;0;182;2190;118;0;0
09;0906;090650;1;1;5;18;2;9;9;2;2;1;1;0;0;5;5;0;0;0;0;0;0;0;0;0;0;0;0;0;0;0;0;0;0;0;0;0;0;0;0;0;0;0;0;0;0;0;0;17;17;4;0;0;0;0;0;0;593;6205;520;0;0
09;0901;090112;1;32;1;18;2;0;0;2;2;1;1;0;0;0;0;0;0;0;0;0;0;0;0;0;0;0;0;0;0;0;0;2;2;0;0;0;0;0;0;0;0;0;0;1;1;4;4;10;10;0;0;0;0;0;0;0;26;3650;25;0;0
11;1102;110201;1;12;3;18;2;5;5;2;2;2;2;1;1;4;4;0;0;2;2;0;0;1;1;0;0;0;0;0;0;0;0;0;0;0;0;0;0;0;0;0;0;0;0;0;0;0;0;17;17;1;0;0;0;0;0;0;444;6205;299;5;2
13;1308;130804;1;12;3;18;2;1;1;1;1;7;7;0;0;0;0;0;0;0;0;0;0;0;0;0;0;0;0;0;0;0;0;0;0;0;0;0;0;0;0;0;0;0;0;0;0;0;0;9;9;0;0;0;0;0;0;0;80;3285;64;0;0
09;0901;090108;1;1;5;18;2;0;0;0;0;0;0;0;0;0;0;0;0;0;0;0;0;0;0;0;0;0;0;0;0;0;0;0;0;0;0;0;0;0;0;0;0;14;14;0;0;18;18;32;32;0;0;0;0;0;0;0;404;5110;320;1;2
23;2301;230106;1;32;1;18;2;0;0;0;0;0;0;0;0;0;0;0;0;0;0;0;0;0;0;0;0;0;0;0;0;0;0;0;0;0;0;0;0;0;0;0;0;0;0;0;0;5;5;5;5;0;0;0;0;0;0;0;221;1825;219;1;0
18;1801;180104;1;12;3;18;2;4;4;2;2;4;4;2;2;0;0;0;0;0;0;0;0;0;0;0;0;0;0;0;0;0;0;0;0;0;0;0;0;0;0;0;0;0;0;0;0;10;10;22;22;0;0;0;0;0;0;0;531;8030;371;1;1
24;2402;240250;1;1;5;17;3;6;6;2;2;5;5;3;3;0;0;0;0;0;0;0;0;0;0;0;0;0;0;0;0;0;0;0;0;0;0;0;0;0;0;0;0;0;0;0;0;0;0;16;16;0;0;0;0;0;0;0;2354;5840;684;0;1
09;0912;091250;1;1;5;18;2;0;0;0;0;0;0;0;0;0;0;0;0;0;0;0;0;0;0;0;0;0;0;0;0;0;0;0;0;0;0;0;0;0;0;0;0;0;0;0;0;17;17;17;17;0;0;0;0;0;0;0;2575;6239;1087;2;0
01;0101;010114;1;12;3;18;2;0;0;0;0;0;0;0;0;0;0;0;0;0;0;0;0;0;0;0;0;0;0;0;0;0;0;0;0;0;0;0;0;0;0;0;0;0;0;0;0;5;5;5;5;1;0;0;0;0;1;0;410;1825;282;0;0
24;2403;240352;2;1;5;18;2;15;15;2;2;3;3;0;0;1;1;0;0;0;0;0;0;0;0;0;0;0;0;0;0;0;0;0;0;0;0;0;0;0;0;0;0;0;0;0;0;0;0;21;21;0;0;0;0;0;0;0;730;7665;719;0;0
13;1308;130802;1;12;3;18;2;0;0;0;0;0;0;0;0;0;0;0;0;0;0;0;0;0;0;0;0;0;0;0;0;0;0;0;0;0;0;0;0;0;0;0;0;0;0;0;0;20;20;20;20;0;0;0;0;0;0;0;7660;7300;1245;7;11
23;2301;230106;1;32;1;18;2;0;0;0;0;0;0;0;0;0;0;0;0;0;0;0;0;0;0;0;0;0;0;0;0;0;0;0;0;0;0;0;0;0;0;0;0;0;0;0;0;10;10;10;10;0;0;0;0;0;0;0;18;3650;12;0;0
09;0910;091050;1;1;5;18;2;0;0;0;0;2;2;0;0;3;3;0;0;0;0;0;0;0;0;0;0;0;0;0;0;0;0;0;0;0;0;0;0;0;0;0;0;5;5;0;0;7;7;17;17;0;0;0;0;0;0;0;467;6205;456;0;0
17;1708;170850;1;1;5;17;3;0;0;0;0;4;4;4;4;2;2;0;0;0;0;0;0;0;0;0;0;0;0;0;0;0;0;0;0;0;0;0;0;0;0;0;0;0;0;0;0;13;13;23;23;5;0;0;0;0;0;0;1959;8395;483;1;0
17;1701;170112;1;12;3;18;2;0;0;0;0;0;0;0;0;0;0;0;0;0;0;0;0;0;0;0;0;0;0;0;0;0;0;0;0;0;0;0;0;0;0;0;0;0;0;0;0;9;9;9;9;0;0;0;0;0;0;0;1526;3285;531;0;0
17;1701;170130;1;12;3;18;2;0;0;0;0;0;0;0;0;10;10;0;0;0;0;0;0;0;0;0;0;0;0;0;0;0;0;0;0;0;0;0;0;0;0;0;0;0;0;0;0;20;18;30;28;2;8;2;10;0;2;20;11288;10127;1137;6;57
17;1701;170103;1;1;5;17;3;0;0;0;0;0;0;0;0;0;0;0;0;0;0;0;0;0;0;0;0;0;0;0;0;0;0;0;0;0;0;0;0;0;0;0;0;0;0;0;0;10;10;10;10;0;0;0;0;0;0;0;724;6820;624;0;0
09;0901;090114;1;11;1;18;2;0;0;0;0;0;0;0;0;0;0;0;0;0;0;0;0;0;0;0;0;0;0;0;0;0;0;0;0;0;0;0;0;0;0;0;0;0;0;0;0;131;131;131;131;0;0;0;0;0;0;0;33067;47815;8240;40;189
17;1701;170101;1;11;1;18;2;0;0;0;0;0;0;0;0;0;0;0;0;0;0;0;0;0;0;0;0;0;0;0;0;0;0;0;0;0;0;0;0;0;0;0;0;0;0;0;0;16;15;16;15;3;9;0;0;3;2;0;3309;5298;722;7;47
06;0601;060103;1;2;1;3;1;15;15;4;4;5;5;6;6;0;0;0;0;0;0;0;0;5;5;0;0;0;0;0;0;0;0;0;0;0;0;0;0;0;0;0;0;0;0;0;0;0;0;35;35;3;0;0;0;0;2;0;1040;12775;355;0;0
07;0709;070903;1;1;5;3;1;13;13;4;4;4;4;4;4;0;0;0;0;0;0;0;0;3;3;0;0;0;0;0;0;0;0;0;0;0;0;0;0;0;0;0;0;0;0;0;0;2;2;30;30;0;0;0;0;0;0;0;817;10950;173;0;2
08;0801;080103;1;11;1;18;2;5;5;2;2;2;2;0;0;0;0;0;0;0;0;0;0;0;0;0;0;0;0;0;0;0;0;0;0;0;0;0;0;0;0;0;0;0;0;0;0;0;0;9;9;0;0;0;0;0;0;0;313;3285;243;0;0
12;1201;120102;1;1;5;18;2;0;0;0;0;0;0;0;0;0;0;0;0;0;0;0;0;0;0;0;0;0;0;0;0;0;0;0;0;0;0;0;0;0;0;0;0;0;0;0;0;18;18;18;18;0;0;0;0;0;0;0;398;6570;231;1;1
23;2301;230101;1;1;5;18;2;4;4;4;4;4;4;0;0;13;13;0;0;0;0;0;0;6;6;0;0;0;0;0;0;0;0;0;0;0;0;0;0;0;0;0;0;0;0;0;0;0;0;31;31;0;0;0;0;0;0;0;84;11315;36;0;0
13;1303;130301;1;1;5;18;2;0;0;0;0;0;0;0;0;0;0;0;0;0;0;0;0;0;0;0;0;0;0;0;0;0;0;0;0;0;0;0;0;0;0;0;0;0;0;0;0;8;8;8;8;0;0;0;0;0;0;0;330;2920;284;0;0
08;0806;080650;1;1;5;16;1;4;4;2;2;9;9;4;4;0;0;0;0;0;0;0;0;0;0;0;0;0;0;0;0;0;0;0;0;0;0;0;0;0;0;0;0;0;0;0;0;0;0;19;19;6;0;0;0;0;5;3;3639;8383;1339;3;4
15;1507;150750;1;1;5;1;1;11;11;7;7;10;10;3;3;0;0;0;0;0;0;0;0;0;0;0;0;0;0;0;0;0;0;0;0;0;0;0;0;0;0;0;0;0;0;0;0;0;0;31;31;6;0;0;0;0;0;0;3118;11262;1032;2;7
18;1802;180250;1;1;5;1;1;11;11;5;5;7;7;5;5;0;0;0;0;0;0;0;0;0;0;0;0;0;0;0;0;0;0;0;0;0;0;0;0;0;0;0;0;0;0;0;0;0;0;28;28;8;0;0;0;0;2;0;3136;10220;975;0;0
08;0802;080253;2;1;5;1;1;6;6;4;4;6;6;4;4;0;0;0;0;0;0;0;0;0;0;0;0;0;0;0;0;0;0;0;0;0;0;0;0;0;0;0;0;0;0;0;0;0;0;20;20;1;0;0;0;0;2;2;3521;7299;1328;2;0
03;0303;030350;1;1;5;1;1;15;15;10;10;14;14;11;11;0;0;0;0;0;0;0;0;0;0;0;0;0;0;0;0;0;0;0;0;0;0;0;0;0;0;0;0;0;0;0;0;0;0;50;50;4;0;0;0;0;0;0;6100;17633;2342;11;17
11;1109;110950;1;1;5;1;1;8;12;8;4;8;8;6;6;0;0;0;0;0;0;0;0;0;0;0;0;0;0;0;0;0;0;0;0;0;0;0;0;0;0;0;0;0;0;0;0;0;0;30;30;4;0;0;0;0;0;0;4505;10950;1618;11;19
06;0605;060550;1;1;5;1;1;6;6;2;2;3;3;4;4;0;0;0;0;0;0;0;0;0;0;0;0;0;0;0;0;0;0;0;0;0;0;0;0;0;0;0;0;0;0;0;0;0;0;15;15;0;0;0;0;0;0;0;1763;5475;609;6;6
04;0403;040350;1;1;5;1;1;5;5;3;3;5;5;2;2;0;0;0;0;0;0;0;0;0;0;0;0;0;0;0;0;0;0;0;0;0;0;0;0;0;0;0;0;0;0;0;0;0;0;15;15;4;0;0;0;0;1;5;2248;5479;817;1;3
18;1807;180701;1;1;5;18;2;0;0;0;0;0;0;0;0;0;0;0;0;0;0;0;0;0;0;0;0;0;0;0;0;0;0;0;0;0;0;0;0;0;0;0;0;0;0;0;0;9;9;9;9;1;0;0;0;0;1;0;674;3285;301;0;1
13;1305;130550;1;1;5;1;1;13;13;5;5;7;7;7;7;0;0;0;0;0;0;0;0;0;0;0;0;0;0;0;0;0;0;0;0;0;0;0;0;0;0;0;0;0;0;0;0;0;0;32;32;4;0;0;0;0;0;0;3850;11712;1835;9;12
01;0103;010350;1;1;5;1;1;9;9;6;6;5;5;5;5;0;0;0;0;0;0;0;0;0;0;0;0;0;0;0;0;0;0;0;0;0;0;0;0;0;0;0;0;0;0;0;0;0;0;25;25;3;0;0;0;0;0;0;4732;9130;1852;13;36
24;2402;240250;1;1;5;1;1;3;3;3;3;9;9;7;7;0;0;0;0;0;0;0;0;0;0;0;0;0;0;0;0;0;0;0;0;0;0;0;0;0;0;0;0;0;0;0;0;0;0;22;22;8;0;0;0;0;0;6;7842;7563;3843;2;3
08;0802;080250;1;1;5;1;1;10;10;1;1;4;4;5;5;0;0;0;0;0;0;0;0;0;0;0;0;0;0;0;0;0;0;0;0;0;0;0;0;0;0;0;0;0;0;0;0;0;0;20;20;2;0;0;0;0;2;0;1800;7300;640;1;4
11;1108;110850;1;1;5;1;1;8;8;4;4;6;6;2;2;0;0;0;0;0;0;0;0;0;0;0;0;0;0;0;0;0;0;0;0;0;0;0;0;0;0;0;0;0;0;0;0;0;0;20;20;9;0;0;0;0;2;0;4061;7318;1367;14;22
17;1703;170350;1;1;5;1;1;1;1;4;4;7;7;3;3;0;0;0;0;0;0;0;0;0;0;0;0;0;0;0;0;0;0;0;0;0;0;0;0;0;0;0;0;0;0;0;0;0;0;15;15;0;0;0;0;0;0;0;5353;5475;1927;7;23
24;2401;240154;2;1;5;1;1;6;6;1;1;5;5;3;3;0;0;0;0;0;0;0;0;0;0;0;0;0;0;0;0;0;0;0;0;0;0;0;0;0;0;0;0;0;0;0;0;0;0;15;15;4;0;0;0;0;0;0;3874;5069;1587;0;0
14;1405;140550;1;1;5;1;1;6;6;2;2;5;5;6;6;0;0;0;0;0;0;0;0;0;0;0;0;0;0;0;0;0;0;0;0;0;0;0;0;0;0;0;0;0;0;0;0;0;0;19;19;4;0;0;0;0;2;4;4212;6935;1383;7;3
08;0803;080350;1;1;5;1;1;7;7;3;3;6;6;4;4;0;0;0;0;0;0;0;0;0;0;0;0;0;0;0;0;0;0;0;0;0;0;0;0;0;0;0;0;0;0;0;0;0;0;20;20;5;0;0;0;0;2;2;2683;7300;935;1;1
09;0911;091150;1;1;5;1;1;3;3;2;2;6;6;4;4;0;0;0;0;0;0;0;0;0;0;0;0;0;0;0;0;0;0;0;0;0;0;0;0;0;0;0;0;0;0;0;0;0;0;15;15;2;0;0;0;0;3;0;2590;5573;1285;2;3
13;1310;131050;1;1;5;1;1;3;3;3;3;6;6;3;3;0;0;0;0;0;0;0;0;0;0;0;0;0;0;0;0;0;0;0;0;0;0;0;0;0;0;0;0;0;0;0;0;0;0;15;15;7;0;0;0;0;0;0;2478;5479;1344;5;0
18;1808;180850;1;1;5;1;1;6;6;2;2;9;9;3;3;0;0;0;0;0;0;0;0;0;0;0;0;0;0;0;0;0;0;0;0;0;0;0;0;0;0;0;0;0;0;0;0;0;0;20;20;2;0;0;0;0;1;1;1140;7300;486;0;0
12;1205;120507;1;1;5;1;1;19;19;14;14;25;25;13;13;0;0;0;0;0;0;0;0;0;0;0;0;0;0;0;0;0;0;0;0;0;0;0;0;0;0;0;0;0;0;0;0;0;0;71;71;0;0;0;0;0;0;0;25169;25915;7643;77;183
08;0804;080450;1;1;5;1;1;5;5;5;5;10;10;2;2;0;0;0;0;0;0;0;0;0;0;0;0;0;0;0;0;0;0;0;0;0;0;0;0;0;0;0;0;0;0;0;0;0;0;22;22;6;0;0;0;0;3;5;6521;8135;2738;0;0
05;0505;050550;1;1;5;1;1;3;3;3;3;7;7;2;2;0;0;0;0;0;0;0;0;0;0;0;0;0;0;0;0;0;0;0;0;0;0;0;0;0;0;0;0;0;0;0;0;0;0;15;15;4;0;0;0;1;0;4;1882;5002;813;2;2
17;1705;170501;1;1;5;1;1;3;7;6;3;7;6;4;2;0;0;0;0;0;0;0;0;0;0;0;0;0;0;0;0;0;0;0;0;0;0;0;0;0;0;0;0;0;0;0;0;0;0;20;18;0;0;0;0;0;0;0;3526;6713;1436;0;7
01;0108;010850;1;1;5;1;1;6;6;3;3;3;6;3;2;0;0;0;0;0;0;0;0;0;0;0;0;0;0;0;0;0;0;0;0;0;0;0;0;0;0;0;0;0;0;0;0;0;0;15;17;0;0;0;0;0;0;5;4421;6159;1427;7;19
21;2104;210450;1;1;5;1;1;8;8;4;4;12;12;8;8;0;0;0;0;0;0;0;0;0;0;0;0;0;0;0;0;0;0;0;0;0;0;0;0;0;0;0;0;0;0;0;0;0;0;32;32;11;0;0;0;0;0;21;9431;11680;3028;4;12
05;0507;050750;1;1;5;1;1;6;6;7;7;10;10;5;5;0;0;0;0;0;0;0;0;0;0;10;10;0;0;0;0;0;0;0;0;0;0;0;0;0;0;0;0;0;0;0;0;0;0;38;38;0;0;0;0;0;0;5;1543;13870;457;0;4
14;1406;140650;1;1;5;1;1;16;15;8;8;14;13;12;11;0;0;0;0;0;0;0;0;0;0;0;0;0;0;0;0;0;0;0;0;0;0;0;0;0;0;0;0;0;0;0;0;0;0;50;47;0;0;0;0;0;0;0;9659;17225;2509;14;19
14;1409;140950;1;1;5;1;1;3;3;0;0;3;3;4;4;0;0;0;0;0;0;0;0;0;0;0;0;0;0;0;0;0;0;0;0;0;0;0;0;0;0;0;0;0;0;0;0;0;0;10;10;0;0;0;0;0;0;0;4304;8395;1161;0;1
09;0901;090158;2;1;5;1;1;6;2;0;0;5;1;4;1;0;0;0;0;0;0;0;0;0;0;0;0;0;0;0;0;0;0;0;0;0;0;0;0;0;0;0;0;0;0;0;0;0;0;15;4;0;0;0;0;0;0;0;211;1350;83;0;0
12;1206;120651;2;1;5;1;1;6;6;2;2;8;8;9;9;0;0;0;0;0;0;0;0;0;0;0;0;0;0;0;0;0;0;0;0;0;0;0;0;0;0;0;0;0;0;0;0;0;0;25;25;8;0;0;0;0;0;2;5314;8588;1844;14;21
07;0713;071350;1;1;5;1;1;8;2;8;3;6;2;3;3;0;0;0;0;0;0;0;0;0;0;0;0;0;0;0;0;0;0;0;0;0;0;0;0;0;0;0;0;0;0;0;0;0;0;25;10;3;0;0;0;0;2;3;2634;3273;914;5;6
09;0907;090701;1;1;5;6;1;3;3;13;13;6;6;0;0;0;0;1;1;0;0;0;0;3;3;0;0;0;0;1;1;1;1;2;2;0;0;0;0;0;0;0;0;0;0;1;1;0;0;31;31;4;0;0;0;2;3;0;3320;11188;1297;0;0
18;1808;180850;1;1;5;18;2;0;0;0;0;0;0;0;0;0;0;0;0;0;0;0;0;0;0;0;0;0;0;0;0;0;0;0;0;0;0;0;0;0;0;0;0;0;0;0;0;20;20;20;20;0;0;0;0;0;0;0;1303;7300;323;1;0
16;1601;160150;1;1;5;6;1;5;5;5;5;7;7;4;4;0;0;1;1;0;0;0;0;5;5;0;0;0;0;1;1;1;1;1;1;0;0;0;0;0;0;0;0;0;0;0;0;0;0;30;30;0;0;0;0;0;0;0;6213;10950;1779;7;14
08;0801;080102;1;1;5;6;1;0;0;0;0;0;0;4;4;4;4;0;0;0;0;0;0;0;0;0;0;0;0;0;0;0;0;0;0;0;0;0;0;0;0;0;0;0;0;0;0;43;43;51;51;0;0;0;0;0;0;0;7842;18615;1985;24;40
22;2201;220150;1;1;5;1;1;11;11;11;11;22;22;16;16;0;0;0;0;0;0;0;0;0;0;0;0;0;0;0;0;0;0;0;0;0;0;0;0;0;0;0;0;0;0;0;0;0;0;60;60;0;0;0;0;2;4;0;20834;24788;5507;24;63
12;1201;120102;1;1;5;18;2;0;0;0;0;0;0;0;0;0;0;0;0;0;0;0;0;0;0;0;0;0;0;0;0;0;0;0;0;0;0;0;0;0;0;0;0;0;0;0;0;19;19;19;19;0;0;0;0;0;0;0;1051;6935;643;0;1
02;0201;020102;1;32;1;18;2;3;3;3;3;1;1;0;0;0;0;0;0;0;0;0;0;0;0;0;0;0;0;0;0;0;0;0;0;0;0;0;0;0;0;0;0;0;0;0;0;0;0;7;7;0;0;0;0;0;0;0;325;2562;131;1;1
12;1205;120501;1;1;5;18;2;0;0;0;0;2;2;3;3;0;0;0;0;0;0;1;1;0;0;0;0;0;0;0;0;0;0;0;0;0;0;0;0;0;0;0;0;0;0;0;0;20;20;26;26;0;0;0;0;0;0;0;904;9490;282;0;0
05;0501;050104;1;1;5;18;2;1;1;1;1;1;1;1;1;0;0;1;1;0;0;0;0;1;1;0;0;1;1;0;0;1;1;0;0;0;0;0;0;0;0;0;0;0;0;3;3;0;0;11;11;4;0;0;0;0;0;0;1591;4015;995;6;5
18;1801;180104;1;1;5;18;2;0;0;0;0;0;0;0;0;0;0;0;0;0;0;0;0;0;0;0;0;0;0;0;0;0;0;0;0;0;0;0;0;0;0;0;0;0;0;0;0;7;7;7;7;0;0;0;0;0;0;0;430;2555;294;1;0
18;1808;180802;1;1;5;18;2;0;0;0;0;0;0;0;0;1;1;0;0;0;0;0;0;0;0;0;0;0;0;0;0;0;0;0;0;0;0;0;0;0;0;0;0;0;0;0;0;5;5;6;6;0;0;0;0;0;0;0;461;2190;239;0;1
06;0601;060104;1;1;5;18;2;0;0;1;1;1;1;1;1;0;0;0;0;0;0;0;0;0;0;2;2;0;0;0;0;0;0;0;0;0;0;0;0;0;0;0;0;0;0;0;0;6;6;11;11;0;0;0;0;0;0;0;395;4015;160;1;1
06;0601;060103;1;1;5;18;2;2;2;2;2;1;1;1;1;5;5;0;0;0;0;0;0;1;1;0;0;0;0;0;0;1;1;1;1;0;0;0;0;0;0;0;0;0;0;0;0;0;0;14;14;2;2;0;1;0;1;0;1692;5110;829;2;6
23;2301;230102;1;1;5;18;2;0;0;0;0;0;0;0;0;3;3;0;0;0;0;0;0;0;0;0;0;0;0;0;0;0;0;0;0;0;0;0;0;0;0;0;0;0;0;0;0;6;6;9;9;3;0;0;0;0;0;0;611;3285;481;0;0
12;1205;120507;1;1;5;18;2;0;0;0;0;0;0;2;2;0;0;0;0;0;0;0;0;0;0;0;0;0;0;0;0;0;0;0;0;0;0;0;0;0;0;0;0;0;0;0;0;11;11;13;13;0;0;0;0;0;0;0;258;4745;255;0;0
18;1801;180102;1;1;5;18;2;0;0;0;0;0;0;0;0;0;0;0;0;0;0;0;0;0;0;0;0;0;0;0;0;0;0;0;0;0;0;0;0;0;0;0;0;0;0;0;0;5;5;5;5;0;0;0;0;0;0;0;143;1825;89;0;0
18;1801;180101;1;1;5;18;2;0;0;0;0;0;0;0;0;0;0;0;0;0;0;0;0;0;0;0;0;0;0;0;0;0;0;0;0;0;0;0;0;0;0;0;0;0;0;0;0;18;18;18;18;2;0;0;0;0;2;1;508;6570;339;0;1
05;0501;050104;1;1;5;18;2;0;0;0;0;0;0;0;0;0;0;0;0;0;0;0;0;0;0;0;0;0;0;0;0;0;0;0;0;0;0;0;0;0;0;0;0;0;0;0;0;4;4;4;4;0;0;0;1;1;1;0;578;1460;310;0;3
05;0502;050202;1;1;5;18;2;0;0;0;0;0;0;0;0;0;0;0;0;0;0;0;0;0;0;0;0;0;0;0;0;0;0;0;0;0;0;0;0;0;0;0;0;0;0;0;0;10;10;10;10;0;0;0;0;0;0;0;569;3650;253;1;0
05;0501;050104;1;1;5;18;2;2;2;3;3;3;3;1;1;0;0;0;0;0;0;0;0;1;1;0;0;0;0;0;0;0;0;0;0;0;0;0;0;0;0;0;0;0;0;0;0;0;0;10;10;4;0;0;0;0;3;2;564;3650;148;1;2
05;0504;050450;1;1;5;18;2;0;0;0;0;0;0;0;0;0;0;0;0;0;0;0;0;0;0;0;0;0;0;0;0;0;0;0;0;0;0;0;0;0;0;0;0;0;0;0;0;7;7;7;7;0;0;0;0;0;0;0;715;2382;331;2;3
18;1801;180103;1;1;5;18;2;0;0;0;0;0;0;0;0;0;0;0;0;0;0;0;0;0;0;0;0;0;0;0;0;0;0;0;0;0;0;0;0;0;0;0;0;0;0;0;0;10;10;10;10;2;2;0;0;0;1;0;970;3650;190;1;20
05;0502;050250;1;1;5;18;2;1;1;2;1;1;1;0;0;0;0;0;0;0;0;0;0;1;1;0;0;0;0;1;1;1;1;1;1;0;0;0;0;0;0;0;0;0;0;0;0;0;0;8;7;0;0;0;0;0;0;0;127;1472;93;0;0
18;1801;180107;1;1;5;18;2;0;0;0;0;0;0;0;0;0;0;0;0;0;0;0;0;0;0;0;0;0;0;0;0;0;0;0;0;0;0;0;0;0;0;0;0;0;0;0;0;16;16;16;16;0;0;0;0;0;0;0;63;5840;45;0;1
23;2301;230107;1;1;5;18;2;0;0;0;0;0;0;0;0;0;0;0;0;0;0;0;0;0;0;0;0;0;0;0;0;0;0;0;0;0;0;0;0;0;0;0;0;0;0;0;0;15;15;15;15;3;0;0;0;0;3;0;930;5475;858;0;0
05;0505;050550;1;1;5;18;2;0;0;0;0;0;0;0;0;0;0;0;0;0;0;0;0;0;0;0;0;0;0;0;0;0;0;0;0;0;0;0;0;0;0;0;0;0;0;0;0;4;4;4;4;0;0;0;0;0;0;0;110;1460;69;0;0
12;1205;120507;1;1;5;18;2;8;8;8;8;11;11;4;4;2;2;0;0;0;0;0;0;1;1;0;0;0;0;0;0;0;0;0;0;0;0;0;0;0;0;0;0;0;0;0;0;13;13;47;47;3;10;5;0;0;0;0;578;17155;403;0;0
13;1315;131550;1;12;3;18;2;0;0;0;0;0;0;0;0;0;0;0;0;0;0;0;0;0;0;0;0;0;0;0;0;0;0;0;0;0;0;0;0;0;0;0;0;0;0;0;0;7;7;7;7;0;0;0;0;0;0;1;697;2555;574;0;0
05;0504;050458;2;1;5;16;1;14;14;0;0;6;6;9;9;0;0;0;0;0;0;0;0;0;0;3;3;0;0;0;0;0;0;0;0;0;0;0;0;0;0;0;0;0;0;0;0;0;0;32;32;0;0;0;0;0;0;0;1279;11680;461;5;4
24;2402;240250;1;1;5;18;2;16;16;2;2;1;1;2;2;0;0;3;3;0;0;0;0;1;1;0;0;0;0;0;0;0;0;0;0;0;0;0;0;0;0;0;0;0;0;0;0;0;0;25;25;0;0;0;0;0;0;0;282;9125;174;6;2
09;0921;092150;1;2;1;18;2;0;0;0;0;0;0;5;5;0;0;0;0;0;0;0;0;30;30;0;0;0;0;0;0;0;0;0;0;0;0;0;0;0;0;0;0;0;0;0;0;0;0;35;35;4;1;0;0;0;0;0;6393;12765;1097;0;9
09;0916;091602;1;11;1;18;2;13;13;5;5;0;0;9;9;0;0;0;0;0;0;0;0;0;0;0;0;0;0;0;0;0;0;0;0;0;0;0;0;0;0;0;0;0;0;0;0;0;0;27;27;0;0;0;0;0;0;0;3882;9855;1715;5;1
09;0901;090112;1;2;1;18;2;44;44;0;0;13;13;0;0;16;16;10;10;0;0;0;0;8;8;2;2;0;0;5;5;9;9;7;7;0;0;0;0;0;0;0;0;0;0;0;0;0;0;114;114;0;0;0;0;0;0;0;13437;41610;3152;6;65
12;1201;120153;2;12;3;18;2;0;0;0;0;2;2;0;0;0;0;0;0;0;0;0;0;0;0;0;0;0;0;0;0;0;0;0;0;0;0;0;0;0;0;0;0;0;0;0;0;0;0;2;2;0;0;0;0;0;0;0;17;730;12;0;0
09;0901;090112;1;1;5;18;2;0;0;4;4;6;6;0;0;0;0;0;0;0;0;0;0;20;20;0;0;0;0;0;0;0;0;0;0;0;0;0;0;0;0;0;0;0;0;0;0;0;0;30;30;0;0;0;0;0;0;0;242;12045;116;0;0
09;0901;090112;1;11;1;18;2;19;19;12;12;6;6;4;4;11;11;6;6;4;4;2;2;4;4;2;2;4;4;5;5;2;2;4;4;2;2;2;2;4;4;2;2;2;2;0;0;0;0;97;97;15;45;4;11;7;8;0;48649;35405;6730;58;414
09;0901;090101;1;2;1;18;2;3;3;5;5;4;4;0;0;0;0;0;0;0;0;0;0;1;0;0;0;0;0;0;0;2;2;0;0;0;0;0;0;0;0;0;0;0;0;0;0;0;0;15;14;4;7;0;0;0;3;2;4696;5110;1448;12;29
09;0910;091050;1;1;5;18;2;0;0;0;0;0;0;0;0;4;4;0;0;0;0;0;0;0;0;0;0;0;0;0;0;0;0;0;0;0;0;0;0;0;0;0;0;0;0;0;0;5;5;9;9;0;0;0;0;0;0;0;201;3285;167;0;0
12;1201;120102;1;1;5;18;2;0;0;0;0;0;0;0;0;7;7;0;0;0;0;0;0;0;0;0;0;0;0;0;0;0;0;0;0;0;0;0;0;0;0;0;0;0;0;0;0;32;32;39;39;5;15;0;0;0;0;0;10486;24765;1421;10;121
17;1701;170130;1;11;1;6;1;12;31;41;18;64;26;19;24;26;26;17;16;28;21;10;1;53;21;18;10;8;4;10;2;33;15;23;19;10;10;30;13;24;7;22;22;12;15;135;125;0;0;595;426;45;35;7;15;20;24;109;137647;155498;17003;16;414
12;1207;120750;1;32;1;18;2;0;0;0;0;0;0;1;1;0;0;0;0;0;0;0;0;0;0;0;0;0;0;0;0;0;0;0;0;0;0;0;0;0;0;0;0;0;0;0;0;8;8;9;9;0;0;0;0;0;0;0;528;3285;451;0;1
01;0101;010109;1;11;1;6;1;19;26;29;31;24;16;21;7;16;15;24;8;5;3;0;0;15;11;14;66;2;1;5;2;11;5;12;10;0;0;15;8;8;5;27;8;13;10;23;10;0;0;283;242;10;28;4;4;2;11;33;76601;88866;12414;205;732
17;1701;170152;2;1;5;18;2;0;0;2;2;0;0;0;0;0;0;0;0;0;0;0;0;0;0;0;0;0;0;0;0;0;0;0;0;0;0;0;0;0;0;0;0;0;0;0;0;0;0;2;2;2;0;0;0;1;2;0;161;730;156;0;0
13;1301;130106;1;11;1;1;1;60;35;15;9;0;0;15;9;6;4;0;0;0;0;0;0;0;0;10;3;0;0;0;0;0;0;0;0;0;0;0;0;0;0;0;0;0;0;0;0;0;0;106;60;56;30;5;0;0;0;4;23343;19860;2141;49;430
17;1701;170101;1;11;1;9;1;0;0;0;0;13;13;7;7;4;3;0;0;0;0;0;0;0;0;0;0;0;0;0;0;0;0;0;0;0;0;0;0;0;0;0;0;0;0;0;0;64;60;88;83;10;10;0;0;0;0;0;23647;30312;4290;20;227
17;1701;170128;1;2;1;18;2;0;0;0;0;0;0;0;0;0;0;0;0;0;0;0;0;0;0;0;0;0;0;0;0;0;0;0;0;0;0;0;0;0;0;0;0;0;0;0;0;6;6;6;6;5;4;0;3;1;5;0;869;2190;451;1;2
12;1205;120507;1;32;1;18;2;0;0;0;0;2;2;0;0;2;2;0;0;0;0;0;0;0;0;0;0;0;0;0;0;0;0;0;0;0;0;0;0;0;0;0;0;0;0;0;0;3;3;7;7;2;1;1;0;0;1;0;246;2555;137;1;0
12;1205;120501;1;32;1;18;2;0;0;0;0;3;3;1;1;0;0;0;0;0;0;0;0;0;0;0;0;0;0;0;0;0;0;0;0;0;0;0;0;0;0;0;0;0;0;0;0;0;0;4;4;0;0;0;0;0;0;0;60;1460;50;0;0
12;1201;120101;1;32;1;18;2;0;0;0;0;5;5;0;0;0;0;0;0;0;0;0;0;0;0;0;0;0;0;0;0;0;0;0;0;0;0;0;0;0;0;0;0;0;0;0;0;0;0;5;5;0;0;0;0;0;0;0;62;1825;62;0;0
12;1205;120550;1;32;1;18;2;0;0;0;0;0;0;0;0;4;4;0;0;0;0;0;0;0;0;0;0;0;0;0;0;0;0;0;0;0;0;0;0;0;0;0;0;0;0;0;0;8;8;12;12;0;0;0;0;0;0;0;1024;4380;514;0;0
07;0702;070250;1;12;3;18;2;4;4;1;1;0;0;0;0;0;0;0;0;0;0;0;0;0;0;0;0;0;0;0;0;0;0;0;0;0;0;0;0;0;0;0;0;0;0;0;0;0;0;5;5;0;0;0;0;0;0;0;51;1825;28;0;0
21;2101;210150;1;12;3;18;2;4;4;1;1;1;1;1;1;0;0;0;0;0;0;0;0;0;0;0;0;0;0;0;0;0;0;0;0;0;0;0;0;0;0;0;0;0;0;0;0;0;0;7;7;2;0;0;0;0;0;0;67;2555;59;0;0
12;1205;120501;1;32;1;18;2;9;9;0;0;2;2;0;0;0;0;0;0;0;0;0;0;0;0;0;0;0;0;0;0;0;0;0;0;0;0;0;0;0;0;0;0;0;0;0;0;0;0;11;11;0;0;0;0;0;0;0;25;4015;18;0;0
12;1201;120102;1;32;1;18;2;6;6;5;5;2;2;3;3;3;3;0;0;0;0;0;0;0;0;0;0;0;0;0;0;0;0;0;0;0;0;0;0;0;0;0;0;0;0;0;0;0;0;19;19;0;0;0;0;0;0;0;1129;6935;666;0;0
12;1205;120502;1;32;1;18;2;0;0;0;0;0;0;0;0;0;0;0;0;0;0;0;0;0;0;0;0;0;0;0;0;0;0;0;0;0;0;0;0;0;0;0;0;0;0;0;0;10;10;10;10;0;0;0;0;0;0;0;42;3650;40;0;0
12;1201;120102;1;32;1;18;2;0;0;0;0;0;0;0;0;0;0;0;0;0;0;0;0;0;0;0;0;0;0;0;0;0;0;0;0;0;0;0;0;0;0;0;0;0;0;0;0;9;9;9;9;0;0;0;0;0;0;0;35;3285;26;0;0
12;1205;120506;1;32;1;18;2;0;0;0;0;7;7;1;1;0;0;0;0;0;0;0;0;0;0;0;0;0;0;0;0;0;0;0;0;0;0;0;0;0;0;0;0;0;0;0;0;0;0;8;8;0;0;0;0;0;0;0;161;2920;129;0;0
09;0908;090850;1;32;1;18;2;0;0;0;0;0;0;0;0;4;4;0;0;0;0;0;0;0;0;0;0;0;0;0;0;0;0;0;0;0;0;0;0;0;0;0;0;0;0;0;0;5;5;9;9;0;0;0;0;0;0;0;18;3285;18;0;0
12;1207;120750;1;32;1;18;2;4;4;3;3;2;2;2;2;5;5;0;0;0;0;0;0;0;0;0;0;0;0;0;0;0;0;0;0;0;0;0;0;0;0;0;0;0;0;0;0;0;0;16;16;0;0;0;0;0;0;0;526;5840;488;0;0
23;2301;230106;1;32;1;18;2;0;0;0;0;0;0;0;0;0;0;0;0;0;0;0;0;0;0;0;0;0;0;0;0;0;0;0;0;0;0;0;0;0;0;0;0;0;0;0;0;10;10;10;10;0;0;0;0;0;0;0;30;3650;22;0;0
09;0908;090850;1;32;1;18;2;1;1;4;4;4;4;1;1;0;0;0;0;0;0;0;0;0;0;0;0;0;0;0;0;0;0;0;0;0;0;0;0;0;0;0;0;0;0;0;0;0;0;10;10;0;0;0;0;0;0;0;407;3650;391;0;0
12;1210;121050;1;32;1;18;2;0;0;1;1;1;1;1;1;1;1;0;0;0;0;0;0;0;0;0;0;0;0;0;0;0;0;0;0;0;0;0;0;0;0;0;0;0;0;0;0;13;13;17;17;1;0;0;0;0;0;0;97;6205;97;0;0
23;2302;230250;1;32;1;18;2;0;0;0;0;0;0;0;0;0;0;0;0;0;0;0;0;0;0;0;0;0;0;0;0;0;0;0;0;0;0;0;0;0;0;0;0;0;0;0;0;3;3;3;3;0;0;0;0;0;0;0;154;1095;114;15;0
23;2301;230106;1;32;1;18;2;0;0;0;0;0;0;0;0;0;0;0;0;0;0;0;0;0;0;0;0;0;0;0;0;0;0;0;0;0;0;0;0;0;0;0;0;0;0;0;0;5;5;5;5;0;0;0;0;0;0;0;36;1825;36;0;0
12;1205;120506;1;32;1;17;3;0;0;2;2;12;12;2;2;0;0;0;0;0;0;0;0;0;0;0;0;0;0;0;0;0;0;0;0;0;0;0;0;0;0;0;0;0;0;0;0;0;0;16;16;0;0;0;0;0;0;0;649;5840;597;0;0
12;1205;120550;1;32;1;18;2;0;0;0;0;4;4;0;0;2;2;0;0;0;0;0;0;0;0;0;0;0;0;0;0;0;0;0;0;0;0;0;0;0;0;0;0;0;0;0;0;0;0;6;6;0;0;0;0;0;0;0;82;2190;82;0;0
12;1207;120750;1;32;1;18;2;4;4;1;1;1;1;1;1;1;1;0;0;0;0;0;0;0;0;0;0;0;0;0;0;0;0;0;0;0;0;0;0;0;0;0;0;0;0;0;0;0;0;8;8;0;0;0;0;0;0;0;116;2920;115;0;0
12;1210;121050;1;32;1;18;2;0;0;0;0;0;0;0;0;0;0;0;0;0;0;0;0;0;0;0;0;0;0;0;0;0;0;0;0;0;0;0;0;0;0;0;0;0;0;0;0;16;16;16;16;2;0;0;0;0;0;0;330;5840;267;0;0
12;1205;120502;1;32;1;18;2;0;0;0;0;0;0;2;2;0;0;0;0;0;0;0;0;0;0;0;0;0;0;0;0;0;0;0;0;0;0;0;0;0;0;0;0;0;0;0;0;10;10;12;12;2;0;0;0;0;0;0;306;4380;154;0;0
12;1204;120450;1;32;1;18;2;0;0;0;0;5;5;5;5;0;0;0;0;0;0;0;0;0;0;0;0;0;0;0;0;0;0;0;0;0;0;0;0;0;0;0;0;0;0;0;0;0;0;10;10;0;0;0;0;0;0;0;100;3650;100;0;0
12;1210;121050;1;32;1;18;2;0;0;1;1;1;1;1;1;0;0;0;0;0;0;0;0;0;0;0;0;0;0;0;0;0;0;0;0;0;0;0;0;0;0;0;0;0;0;0;0;11;11;14;14;0;0;0;0;0;0;0;1005;5110;463;21;2
13;1304;130401;1;32;1;18;2;0;0;0;0;0;0;0;0;0;0;0;0;0;0;0;0;0;0;0;0;0;0;0;0;0;0;0;0;0;0;0;0;0;0;0;0;0;0;0;0;3;3;3;3;0;0;0;0;0;0;0;319;1095;170;4;3
09;0920;092050;1;32;1;18;2;7;7;2;2;4;4;1;1;2;2;0;0;0;0;0;0;0;0;0;0;0;0;0;0;0;0;0;0;0;0;0;0;0;0;0;0;0;0;0;0;0;0;16;16;0;0;0;0;0;0;0;122;5840;108;0;0
12;1205;120504;1;32;1;18;2;7;7;2;2;1;1;0;0;3;3;0;0;0;0;0;0;0;0;0;0;0;0;0;0;1;1;0;0;0;0;0;0;0;0;0;0;0;0;0;0;0;0;14;14;0;0;0;0;0;0;0;221;5110;127;0;0
07;0701;070104;1;12;3;18;2;0;0;0;0;0;0;0;0;0;0;0;0;0;0;0;0;0;0;0;0;0;0;0;0;0;0;0;0;0;0;0;0;0;0;0;0;0;0;0;0;6;6;6;6;0;0;0;0;0;1;0;132;2190;125;2;1
01;0101;010108;1;2;1;18;2;0;0;0;0;0;0;0;0;0;0;0;0;0;0;0;0;0;0;0;0;0;0;0;0;0;0;0;0;0;0;0;0;0;0;0;0;0;0;0;0;42;42;42;42;6;8;4;9;6;3;1;15112;15330;4176;23;85
09;0901;090114;1;1;5;17;3;0;0;0;0;0;0;0;0;0;0;0;0;0;0;0;0;0;0;0;0;0;0;0;0;0;0;0;0;0;0;0;0;0;0;0;0;0;0;0;0;24;24;24;24;0;0;0;0;0;0;0;1908;8760;678;1;1
17;1701;170155;2;2;1;1;1;53;53;23;23;34;33;28;25;15;15;0;0;0;0;0;0;20;18;0;0;0;0;0;0;0;0;0;0;0;0;0;0;0;0;0;0;0;0;0;0;0;0;173;167;19;12;5;0;0;23;13;54165;60709;11097;33;176
07;0701;070102;1;1;5;17;3;0;0;0;0;0;0;0;0;0;0;0;0;0;0;0;0;0;0;0;0;0;0;0;0;0;0;0;0;0;0;0;0;0;0;0;0;0;0;0;0;27;27;27;27;3;0;0;0;6;2;1;1588;9828;873;4;5
18;1801;180105;1;2;1;1;1;98;94;20;38;43;40;15;14;30;30;0;0;0;0;0;0;16;15;0;0;0;0;0;0;0;0;0;0;0;0;0;0;0;0;0;0;0;0;0;0;0;0;222;231;25;20;0;8;0;15;0;76671;84414;14156;138;585
12;1201;120101;1;2;1;6;1;27;27;11;11;30;30;19;19;0;0;2;2;0;0;0;0;10;10;0;0;0;0;1;1;6;6;6;6;0;0;4;4;1;1;4;4;0;0;0;0;0;0;121;121;22;9;0;17;0;13;0;23494;44530;5143;33;117
23;2301;230106;1;2;1;18;2;3;3;4;4;0;0;0;0;0;0;0;0;0;0;0;0;5;5;0;0;0;0;0;0;2;2;0;0;0;0;0;0;0;0;0;0;0;0;0;0;1;1;15;15;3;2;0;0;3;2;0;4028;5490;1472;2;7
17;1701;170107;1;2;1;1;1;52;36;50;29;52;18;50;16;18;8;0;0;0;0;0;0;52;36;12;1;2;0;8;2;10;0;0;0;0;0;2;0;0;0;0;0;0;0;18;8;0;0;326;154;9;19;0;0;0;5;33;45731;59304;7330;26;223
08;0801;080103;1;2;1;1;1;94;94;39;39;66;66;32;32;28;28;0;0;0;0;0;0;0;0;0;0;0;0;0;0;0;0;0;0;0;0;0;0;0;0;0;0;0;0;0;0;0;0;259;259;42;20;0;0;0;0;0;54524;85467;11265;95;413
09;0901;090114;1;2;1;1;1;79;75;86;60;50;49;15;14;20;20;0;0;34;33;0;0;0;0;35;35;0;0;0;0;0;0;0;0;0;0;0;0;0;0;0;0;0;0;0;0;0;0;319;286;21;24;3;0;15;12;0;74637;104044;10518;61;402
23;2301;230107;1;2;1;1;1;58;58;37;36;60;36;20;17;28;28;0;0;0;0;0;0;0;0;0;0;0;0;0;0;0;0;0;0;0;0;0;0;0;0;0;0;0;0;0;0;0;0;203;175;12;14;0;0;0;0;0;52994;58429;9929;65;346
10;1001;100150;1;2;1;6;1;27;27;0;0;26;26;28;28;6;6;0;0;0;0;0;0;26;26;0;0;0;0;0;0;0;0;0;0;0;0;0;0;0;0;0;0;0;0;27;27;0;0;140;140;32;10;0;4;3;6;5;36788;51100;16081;112;225
19;1901;190150;1;2;1;1;1;16;16;11;11;13;13;17;17;0;0;0;0;0;0;0;0;0;0;0;0;0;0;0;0;0;0;0;0;0;0;0;0;0;0;0;0;0;0;0;0;0;0;57;57;0;0;0;0;0;2;4;7789;20819;2751;14;27
05;0501;050104;1;2;1;1;1;37;27;59;45;59;54;27;26;24;24;0;0;0;0;0;0;27;18;45;37;0;0;0;0;0;0;0;0;4;0;15;7;0;0;0;0;0;0;0;0;0;0;297;238;33;12;0;0;10;21;0;49637;86124;9065;68;230
09;0910;091050;1;2;1;1;1;26;26;10;10;30;30;11;11;9;9;0;0;0;0;0;0;0;0;0;0;0;0;0;0;0;0;0;0;0;0;0;0;0;0;0;0;0;0;0;0;0;0;86;86;22;0;0;0;0;10;0;18588;31388;6401;60;137
04;0401;040102;1;2;1;1;1;25;25;25;25;56;56;40;40;16;16;0;0;0;0;0;0;0;0;0;0;0;0;0;0;0;0;0;0;0;0;0;0;0;0;0;0;0;0;0;0;0;0;162;162;22;8;0;0;0;13;0;29712;52795;6390;48;226
14;1401;140150;1;2;1;1;1;16;22;17;18;20;14;13;10;4;5;0;0;0;0;0;0;0;0;0;0;0;0;0;0;0;0;0;0;0;0;0;0;0;0;0;0;0;0;0;0;0;0;70;69;10;0;0;0;3;6;8;13100;25668;3380;29;69
13;1308;130802;1;2;1;6;1;0;0;0;0;0;0;0;0;0;0;0;0;0;0;0;0;0;0;0;0;0;0;0;0;0;0;0;0;0;0;0;0;0;0;0;0;0;0;0;0;150;150;150;150;0;0;0;0;0;0;0;39730;54750;7034;237;1098
21;2101;210150;1;2;1;1;1;32;32;32;32;64;64;32;32;0;0;0;0;0;0;0;0;0;0;0;0;0;0;0;0;0;0;0;0;0;0;0;0;0;0;0;0;0;0;0;0;0;0;160;160;30;0;0;0;15;53;0;31728;44382;6968;79;303
13;1314;131401;1;2;1;1;1;23;23;16;16;23;23;17;17;0;0;0;0;0;0;0;0;0;0;0;0;0;0;0;0;0;0;0;0;0;0;0;0;0;0;0;0;0;0;0;0;0;0;79;79;8;0;0;0;3;3;6;13637;28835;3959;27;75
09;0910;091050;1;2;1;6;1;49;49;33;33;12;12;14;14;7;7;0;0;0;0;0;0;0;0;0;0;0;0;0;0;0;0;0;0;0;0;0;0;0;0;0;0;0;0;0;0;0;0;115;115;21;8;0;0;3;5;6;22072;41975;6021;17;74
13;1303;130301;1;2;1;1;1;39;37;36;23;37;28;16;13;12;10;0;0;0;0;0;0;0;0;0;0;0;0;0;0;0;0;0;0;0;0;0;0;0;0;0;0;0;0;0;0;0;0;140;111;10;2;0;0;8;12;18;22054;40930;5522;47;102
12;1205;120508;1;2;1;6;1;26;26;10;10;12;11;9;9;4;4;0;0;0;0;0;0;9;9;0;0;0;0;1;1;3;3;1;1;0;0;0;0;0;0;0;0;0;0;7;7;0;0;82;81;20;9;0;28;2;8;2;17339;29930;4693;19;59
17;1701;170102;1;2;1;6;1;42;38;42;42;22;22;22;22;6;6;0;0;0;0;0;0;0;0;0;0;0;0;0;0;0;0;0;0;0;0;0;0;0;0;0;0;0;0;0;0;0;0;134;130;0;0;0;0;0;0;0;39098;47353;9894;32;134
23;2301;230102;1;2;1;1;1;25;25;12;12;18;18;15;15;0;0;0;0;0;0;0;0;0;0;0;0;0;0;0;0;0;0;0;0;0;0;0;0;0;0;0;0;0;0;0;0;0;0;70;70;18;2;0;0;0;6;0;16563;25550;3737;3;38
10;1001;100103;1;2;1;1;1;39;39;32;32;41;41;24;24;17;17;0;0;0;0;0;0;20;20;0;0;0;0;0;0;0;0;0;0;0;0;0;0;0;0;0;0;0;0;0;0;0;0;173;173;12;6;0;0;0;0;0;39333;66080;10042;95;299
13;1301;130107;1;2;1;1;1;48;48;61;35;40;40;35;41;21;37;0;0;0;0;0;0;0;0;0;0;0;0;0;0;0;0;0;0;0;0;0;0;0;0;0;0;0;0;0;0;0;0;205;201;27;5;3;0;0;0;15;47047;67846;8900;36;242
06;0601;060104;1;10;2;1;1;20;20;0;0;0;0;0;0;0;0;0;0;0;0;0;0;0;0;0;0;0;0;0;0;0;0;0;0;0;0;0;0;0;0;0;0;0;0;0;0;0;0;20;20;5;0;0;0;0;0;0;3971;7300;429;7;36
17;1701;170113;1;4;1;1;1;0;0;0;0;163;125;0;0;63;66;0;0;0;0;0;0;0;0;0;0;0;0;0;0;0;0;0;0;0;0;0;0;0;0;0;0;0;0;0;0;0;0;226;191;0;6;0;12;0;0;0;51118;69894;7624;24;109
09;0901;090104;1;4;1;1;1;12;12;25;25;4;4;0;0;0;0;0;0;0;0;0;0;0;0;0;0;0;0;0;0;0;0;0;0;0;0;0;0;0;0;0;0;0;0;0;0;0;0;41;41;5;0;0;0;0;7;4;9975;14965;5175;3;13
09;0901;090114;1;4;1;1;1;0;0;0;0;69;69;0;0;18;18;0;0;0;0;0;0;0;0;0;0;0;0;0;0;0;0;0;0;0;0;0;0;0;0;0;0;0;0;13;13;0;0;100;100;0;0;0;0;0;0;0;32280;36536;13909;27;38
17;1701;170111;1;4;1;1;1;0;0;0;0;129;111;43;22;10;6;0;0;0;0;0;0;0;0;0;0;0;0;0;0;0;0;0;0;0;0;0;0;0;0;0;0;0;0;0;0;0;0;182;139;14;6;3;36;15;0;32;44908;56860;11736;31;88
09;0901;090112;1;2;1;1;1;0;0;0;0;64;64;8;8;52;52;0;0;0;0;0;0;0;0;0;0;0;0;0;0;0;0;0;0;0;0;0;0;0;0;0;0;0;0;0;0;0;0;124;124;0;9;0;26;0;0;0;57369;45320;15339;45;146
21;2101;210150;1;11;1;18;2;36;36;36;36;18;18;11;11;0;0;0;0;0;0;0;0;18;18;0;0;0;0;0;0;0;0;0;0;0;0;0;0;0;0;0;0;0;0;0;0;0;0;119;119;0;0;0;0;0;0;0;1066;43435;575;0;0
17;1701;170130;1;2;1;18;2;0;0;0;0;0;0;5;5;7;7;0;0;0;0;0;0;0;0;0;0;0;0;0;0;0;0;0;0;0;0;0;0;0;0;0;0;0;0;1;1;26;26;39;39;13;7;3;0;7;0;0;11025;14235;1275;4;66
18;1801;180109;1;1;5;18;2;1;0;1;0;2;1;1;0;1;0;1;0;0;0;0;0;1;0;0;0;0;0;0;0;1;0;0;0;0;0;1;0;1;0;0;0;0;0;0;0;0;0;11;1;1;0;0;0;0;1;2;173;1342;94;0;1
09;0901;090114;1;2;1;17;3;0;0;0;0;0;0;0;0;0;0;0;0;0;0;0;0;0;0;0;0;0;0;0;0;0;0;0;0;0;0;0;0;0;0;0;0;0;0;0;0;145;145;145;145;0;0;0;0;0;0;0;17322;52925;3694;5;13
09;0901;090112;1;2;1;13;3;42;42;47;47;0;0;0;0;0;0;24;24;0;0;0;0;30;30;0;0;0;0;0;0;23;23;0;0;12;12;0;0;0;0;0;0;0;0;115;115;0;0;293;293;60;77;0;0;24;9;0;107680;106945;9545;21;104
12;1201;120102;1;1;5;17;3;0;0;4;4;11;11;6;6;3;3;0;0;0;0;0;0;0;0;0;0;0;0;0;0;0;0;0;0;0;0;0;0;0;0;0;0;0;0;0;0;0;0;24;24;0;0;0;0;0;0;0;1131;8760;801;0;0
17;1701;170101;1;2;1;18;2;0;0;0;0;0;0;0;0;11;11;0;0;0;0;0;0;0;0;0;0;0;0;0;0;0;0;0;0;0;0;0;0;0;0;0;0;0;0;0;0;130;130;141;141;0;6;4;4;0;15;0;31264;51501;9985;18;77
01;0101;010112;1;2;1;18;2;5;5;5;5;2;2;4;4;7;7;1;1;1;1;0;0;2;2;1;1;1;1;1;1;2;2;1;1;0;0;1;1;1;1;1;1;1;1;0;0;0;0;37;37;6;5;2;7;0;3;0;9428;13505;3683;7;37
01;0101;010106;1;1;5;11;1;0;0;0;0;0;0;0;0;6;6;0;0;0;0;0;0;0;0;0;0;0;0;0;0;0;0;0;0;0;0;0;0;0;0;0;0;0;0;0;0;17;17;23;23;4;3;0;0;0;3;0;2851;8395;1393;2;5
07;0701;070103;1;1;5;11;1;3;2;0;0;3;3;1;1;2;1;0;0;0;0;0;0;0;0;0;0;0;0;0;0;0;0;0;0;0;0;0;0;0;0;0;0;0;0;0;0;0;0;9;7;1;0;0;0;0;0;1;220;2181;139;0;0
09;0901;090114;1;2;1;3;1;9;9;11;11;8;7;10;5;3;0;0;0;0;0;0;0;6;6;0;0;0;0;0;0;0;0;0;0;0;0;0;0;0;0;0;0;0;0;32;21;0;0;79;59;13;5;0;0;0;0;0;11896;21377;2577;22;118
07;0701;070102;1;8;2;15;3;0;0;11;11;0;0;0;0;0;0;0;0;0;0;0;0;0;0;0;0;0;0;0;0;0;0;0;0;0;0;0;0;0;0;0;0;0;0;12;12;0;0;23;23;4;1;0;0;2;0;0;5530;8395;1657;11;40
17;1701;170126;1;2;1;18;2;0;0;0;0;0;0;0;0;13;8;0;0;0;0;0;0;0;0;7;5;0;0;0;0;0;0;0;0;0;0;0;0;0;0;0;0;0;0;0;0;70;67;90;80;5;6;2;0;4;6;0;14194;10890;3468;13;77
17;1701;170123;1;5;1;1;1;36;36;30;30;0;0;0;0;21;19;0;0;34;14;0;0;30;30;25;25;0;0;0;0;0;0;0;0;12;12;12;12;0;0;0;0;0;0;67;67;0;0;267;245;28;0;13;0;0;10;36;64851;75292;5859;18;136
09;0901;090101;1;5;1;1;1;72;68;37;34;0;0;0;0;3;3;7;6;10;9;0;0;24;22;21;15;7;6;7;7;13;11;24;23;0;0;7;6;15;15;19;19;15;12;0;0;0;0;281;256;33;0;13;32;4;0;13;90471;93633;8738;16;163
17;1701;170156;2;6;2;1;1;0;0;0;0;0;0;0;0;0;0;0;0;0;0;146;146;0;0;0;0;0;0;0;0;0;0;0;0;0;0;0;0;0;0;0;0;0;0;0;0;0;0;146;146;2;0;0;0;0;0;0;45803;53290;321;0;3
09;0923;092350;1;1;5;18;2;8;8;2;2;7;7;2;2;0;0;0;0;0;0;0;0;0;0;0;0;0;0;0;0;0;0;0;0;0;0;0;0;0;0;0;0;0;0;0;0;0;0;19;19;0;0;0;0;0;0;0;596;6935;187;0;1
18;1801;180102;1;11;1;18;2;0;0;0;0;0;0;0;0;0;0;0;0;0;0;0;0;0;0;0;0;0;0;0;0;0;0;0;0;0;0;0;0;0;0;0;0;0;0;0;0;20;20;20;20;5;3;1;3;0;3;0;4441;7000;1184;19;30
01;0101;010101;1;1;5;17;3;0;0;0;0;0;0;0;0;2;2;0;0;0;0;0;0;0;0;0;0;0;0;0;0;0;0;0;0;0;0;0;0;0;0;0;0;0;0;0;0;15;15;17;17;1;0;0;0;0;0;0;296;6205;243;0;0
17;1701;170184;2;1;5;18;2;6;6;0;0;0;0;0;0;0;0;0;0;0;0;0;0;0;0;0;0;0;0;0;0;0;0;0;0;0;0;0;0;0;0;0;0;0;0;0;0;0;0;6;6;3;0;0;0;2;3;0;1221;2190;711;0;1
11;1101;110104;1;2;1;18;2;0;0;0;0;0;0;0;0;0;0;0;0;0;0;0;0;0;0;0;0;0;0;0;0;0;0;0;0;0;0;0;0;0;0;0;0;0;0;0;0;16;16;16;16;10;0;0;0;0;6;0;4637;5840;1186;3;13
17;1701;170127;1;2;1;17;3;0;0;0;0;0;0;0;0;0;0;0;0;0;0;0;0;0;0;0;0;0;0;0;0;0;0;0;0;0;0;0;0;0;0;0;0;0;0;0;0;86;86;86;86;20;8;2;0;0;7;19;18017;31390;6014;16;63
17;1701;170112;1;15;1;18;2;0;0;0;0;0;0;0;0;0;0;0;0;0;0;0;0;6;6;0;0;0;0;0;0;0;0;0;0;0;0;0;0;0;0;0;0;0;0;0;0;0;0;6;6;0;0;0;0;0;0;0;719;2190;717;0;0
17;1701;170127;1;12;3;18;2;0;0;0;0;6;6;0;0;2;2;0;0;0;0;0;0;0;0;0;0;0;0;0;0;0;0;0;0;0;0;0;0;0;0;0;0;0;0;0;0;0;0;8;8;0;0;0;0;0;0;0;28;2920;25;0;0
06;0601;060101;1;13;1;18;2;0;0;1;1;3;3;0;0;0;0;0;0;0;0;0;0;1;1;0;0;0;0;0;0;0;0;0;0;0;0;0;0;0;0;0;0;0;0;0;0;0;0;5;5;1;0;0;0;0;2;0;640;1825;450;0;2
01;0101;010107;1;8;2;15;3;0;0;37;27;0;0;22;22;0;0;0;0;0;0;0;0;0;0;0;0;0;0;0;0;0;0;0;0;0;0;0;0;0;0;36;25;0;0;0;0;0;0;95;74;8;8;0;0;0;0;0;18792;26949;4078;15;47
13;1301;130108;1;17;2;18;2;7;7;0;0;0;0;0;0;0;0;0;0;0;0;0;0;0;0;0;0;0;0;0;0;0;0;0;0;0;0;0;0;0;0;0;0;0;0;0;0;0;0;7;7;3;8;0;0;2;2;0;2043;2555;572;4;8
10;1001;100150;1;12;3;18;2;0;0;0;0;0;0;0;0;0;0;0;0;0;0;0;0;0;0;0;0;0;0;0;0;0;0;0;0;0;0;0;0;0;0;0;0;0;0;0;0;16;16;16;16;4;2;0;0;0;0;0;1537;5840;906;2;5
17;1701;170110;1;6;2;18;2;0;0;0;0;0;0;0;0;0;0;0;0;0;0;161;161;0;0;0;0;0;0;0;0;0;0;0;0;0;0;0;0;0;0;0;0;0;0;62;62;0;0;223;223;0;0;0;0;0;0;0;69899;81395;955;7;99
09;0901;090112;1;11;1;18;2;0;0;0;0;0;0;0;0;11;11;0;0;0;0;0;0;0;0;0;0;0;0;0;0;0;0;0;0;0;0;0;0;0;0;0;0;0;0;0;0;66;66;77;77;14;22;0;7;2;15;1;19234;28105;3187;23;142
01;0101;010111;1;2;1;18;2;0;0;0;0;0;0;0;0;0;0;0;0;0;0;0;0;0;0;0;0;0;0;0;0;0;0;0;0;0;0;0;0;0;0;0;0;0;0;0;0;35;35;35;35;5;6;5;10;0;3;0;8480;12775;2364;10;67
17;1701;170112;1;12;3;18;2;0;0;0;0;0;0;0;0;0;0;0;0;0;0;0;0;0;0;0;0;0;0;0;0;0;0;0;0;0;0;0;0;0;0;0;0;0;0;0;0;7;7;7;7;0;0;0;0;0;0;0;857;2555;558;0;0
23;2301;230105;1;32;1;18;2;0;0;2;2;3;3;0;0;0;0;0;0;0;0;0;0;0;0;0;0;0;0;0;0;0;0;0;0;0;0;0;0;0;0;0;0;0;0;0;0;0;0;5;5;0;0;0;0;0;0;0;377;1825;377;0;0
09;0901;090112;1;2;1;9;1;29;28;29;28;9;7;4;3;9;9;0;0;0;0;0;0;9;9;6;6;0;0;0;0;0;0;0;0;0;0;0;0;0;0;0;0;0;0;0;0;0;0;95;90;3;8;0;0;0;0;6;16347;34219;3123;16;112
17;1701;170117;1;2;1;18;2;0;0;0;0;0;0;0;0;10;10;0;0;0;0;0;0;0;0;0;0;0;0;0;0;0;0;0;0;0;0;0;0;0;0;0;0;0;0;29;29;12;12;51;51;8;7;0;0;0;6;5;10962;18615;1701;6;70
06;0601;060150;1;1;5;18;2;0;0;0;0;0;0;0;0;0;0;0;0;0;0;0;0;0;0;0;0;0;0;0;0;0;0;0;0;0;0;0;0;0;0;0;0;0;0;0;0;7;7;7;7;0;0;0;0;0;0;0;587;2555;329;0;0
04;0401;040102;1;12;3;18;2;3;3;3;3;0;0;0;0;1;1;0;0;0;0;0;0;0;0;0;0;0;0;0;0;0;0;0;0;0;0;0;0;0;0;0;0;0;0;0;0;2;2;9;9;1;0;0;0;0;1;0;473;3285;372;0;0
23;2301;230101;1;2;1;18;2;0;0;0;0;3;3;8;8;2;2;0;0;0;0;0;0;0;0;0;0;0;0;0;0;0;0;0;0;0;0;0;0;0;0;0;0;0;0;0;0;20;20;33;33;4;3;0;0;4;3;3;4356;11985;1369;11;24
17;1701;170127;1;12;3;18;2;48;48;6;6;15;15;6;6;0;0;0;0;0;0;0;0;0;0;0;0;0;0;0;0;0;0;0;0;0;0;0;0;0;0;0;0;0;0;0;0;0;0;75;75;0;0;0;0;0;0;0;11706;27375;4202;2;27
17;1701;170121;1;12;3;18;2;0;0;0;0;0;0;1;1;2;2;0;0;0;0;0;0;0;0;0;0;0;0;0;0;0;0;0;0;0;0;0;0;0;0;0;0;0;0;0;0;8;8;11;11;0;0;0;0;0;0;0;456;4015;194;0;1
09;0901;090112;1;1;5;18;2;0;0;0;0;0;0;0;0;0;0;0;0;0;0;0;0;0;0;0;0;0;0;0;0;0;0;0;0;0;0;0;0;0;0;0;0;0;0;0;0;2;1;2;1;2;0;0;0;0;1;0;130;492;107;0;0
06;0601;060101;1;1;5;18;2;0;0;0;0;0;0;0;0;0;0;0;0;0;0;0;0;0;0;0;0;0;0;0;0;0;0;0;0;0;0;0;0;0;0;0;0;0;0;10;13;20;15;30;28;3;0;0;0;0;0;0;2665;10195;614;8;31
09;0901;090111;1;2;1;18;2;0;0;12;12;1;1;1;1;2;2;1;1;0;0;0;0;0;0;2;2;0;0;0;0;1;1;1;1;0;0;0;0;0;0;0;0;0;0;0;0;25;25;46;46;3;14;0;0;0;8;16;9265;16510;1612;13;140
09;0924;092450;1;32;1;9;1;0;0;0;0;6;6;0;0;0;0;0;0;0;0;0;0;0;0;0;0;0;0;0;0;0;0;0;0;0;0;0;0;0;0;0;0;0;0;0;0;0;0;6;6;0;0;0;0;0;0;0;238;2202;226;0;0
06;0601;060101;1;8;2;15;3;11;11;12;12;0;0;0;0;0;0;0;0;0;0;0;0;0;0;0;0;0;0;0;0;0;0;0;0;0;0;0;0;0;0;8;8;0;0;0;0;0;0;31;31;0;3;0;0;0;0;0;4821;11315;994;16;44
17;1701;170185;2;1;5;1;1;8;8;6;6;14;14;8;8;0;0;0;0;0;0;0;0;0;0;0;0;0;0;0;0;0;0;0;0;0;0;0;0;0;0;0;0;0;0;0;0;0;0;36;36;12;0;0;0;2;4;3;6028;13,159;2527;2;3
16;1601;160150;1;1;5;3;1;12;12;4;4;4;4;3;3;0;0;0;0;0;0;0;0;0;0;0;0;0;0;0;0;0;0;0;0;0;0;0;0;0;0;0;0;0;0;0;0;0;0;23;23;2;0;0;0;0;0;0;71;8,395;29;0;0
